CREATE DATABASE  IF NOT EXISTS `irem_dogrusoz` /*!40100 DEFAULT CHARACTER SET utf8mb4 COLLATE utf8mb4_0900_ai_ci */ /*!80016 DEFAULT ENCRYPTION='N' */;
USE `irem_dogrusoz`;
-- MySQL dump 10.13  Distrib 8.0.31, for macos12 (x86_64)
--
-- Host: localhost    Database: irem_dogrusoz
-- ------------------------------------------------------
-- Server version	8.0.31

/*!40101 SET @OLD_CHARACTER_SET_CLIENT=@@CHARACTER_SET_CLIENT */;
/*!40101 SET @OLD_CHARACTER_SET_RESULTS=@@CHARACTER_SET_RESULTS */;
/*!40101 SET @OLD_COLLATION_CONNECTION=@@COLLATION_CONNECTION */;
/*!50503 SET NAMES utf8 */;
/*!40103 SET @OLD_TIME_ZONE=@@TIME_ZONE */;
/*!40103 SET TIME_ZONE='+00:00' */;
/*!40014 SET @OLD_UNIQUE_CHECKS=@@UNIQUE_CHECKS, UNIQUE_CHECKS=0 */;
/*!40014 SET @OLD_FOREIGN_KEY_CHECKS=@@FOREIGN_KEY_CHECKS, FOREIGN_KEY_CHECKS=0 */;
/*!40101 SET @OLD_SQL_MODE=@@SQL_MODE, SQL_MODE='NO_AUTO_VALUE_ON_ZERO' */;
/*!40111 SET @OLD_SQL_NOTES=@@SQL_NOTES, SQL_NOTES=0 */;

--
-- Table structure for table `Behaviors`
--

DROP TABLE IF EXISTS `Behaviors`;
/*!40101 SET @saved_cs_client     = @@character_set_client */;
/*!50503 SET character_set_client = utf8mb4 */;
CREATE TABLE `Behaviors` (
  `behavior_id` int NOT NULL,
  `behavior_name` varchar(45) NOT NULL,
  `behavior_type` varchar(45) DEFAULT NULL,
  PRIMARY KEY (`behavior_id`),
  UNIQUE KEY `behavior_id_UNIQUE` (`behavior_id`)
) ENGINE=InnoDB DEFAULT CHARSET=utf8mb4 COLLATE=utf8mb4_0900_ai_ci;
/*!40101 SET character_set_client = @saved_cs_client */;

--
-- Dumping data for table `Behaviors`
--

LOCK TABLES `Behaviors` WRITE;
/*!40000 ALTER TABLE `Behaviors` DISABLE KEYS */;
INSERT INTO `Behaviors` VALUES (1,'hunting','predatory'),(2,'preening','maintenance'),(3,'migration','movement'),(4,'courtship display','reproduction'),(5,'foraging','feeding'),(6,'nest building','reproduction'),(7,'vocalization','communication'),(8,'territorial defense','defense'),(9,'hibernation','survival'),(10,'social grooming','social interaction'),(11,'swimming','Physical');
/*!40000 ALTER TABLE `Behaviors` ENABLE KEYS */;
UNLOCK TABLES;
/*!50003 SET @saved_cs_client      = @@character_set_client */ ;
/*!50003 SET @saved_cs_results     = @@character_set_results */ ;
/*!50003 SET @saved_col_connection = @@collation_connection */ ;
/*!50003 SET character_set_client  = utf8mb4 */ ;
/*!50003 SET character_set_results = utf8mb4 */ ;
/*!50003 SET collation_connection  = utf8mb4_0900_ai_ci */ ;
/*!50003 SET @saved_sql_mode       = @@sql_mode */ ;
/*!50003 SET sql_mode              = 'ONLY_FULL_GROUP_BY,STRICT_TRANS_TABLES,NO_ZERO_IN_DATE,NO_ZERO_DATE,ERROR_FOR_DIVISION_BY_ZERO,NO_ENGINE_SUBSTITUTION' */ ;
DELIMITER ;;
/*!50003 CREATE*/ /*!50017 DEFINER=`root`@`localhost`*/ /*!50003 TRIGGER `lowercase_before_insert` BEFORE INSERT ON `behaviors` FOR EACH ROW SET NEW.behavior_name = LOWER(NEW.behavior_name) */;;
DELIMITER ;
/*!50003 SET sql_mode              = @saved_sql_mode */ ;
/*!50003 SET character_set_client  = @saved_cs_client */ ;
/*!50003 SET character_set_results = @saved_cs_results */ ;
/*!50003 SET collation_connection  = @saved_col_connection */ ;

--
-- Table structure for table `family`
--

DROP TABLE IF EXISTS `family`;
/*!40101 SET @saved_cs_client     = @@character_set_client */;
/*!50503 SET character_set_client = utf8mb4 */;
CREATE TABLE `family` (
  `family_id` int NOT NULL,
  `family_name` varchar(45) NOT NULL,
  `avg_life_span` int DEFAULT NULL,
  PRIMARY KEY (`family_id`),
  UNIQUE KEY `family_id_UNIQUE` (`family_id`)
) ENGINE=InnoDB DEFAULT CHARSET=utf8mb4 COLLATE=utf8mb4_0900_ai_ci;
/*!40101 SET character_set_client = @saved_cs_client */;

--
-- Dumping data for table `family`
--

LOCK TABLES `family` WRITE;
/*!40000 ALTER TABLE `family` DISABLE KEYS */;
INSERT INTO `family` VALUES (1,'Felidae',NULL),(2,'Canidae',NULL),(3,'Elephantidae',35),(4,'Ursidae',34),(5,'Equidae',NULL),(6,'Delphinidae',NULL),(7,'Crocodylidae',NULL),(8,'Hominidae',NULL),(9,'Giraffidae',NULL),(10,'Phocoenidae',NULL),(11,'Balaenopteridae',NULL),(12,'Muridae',3);
/*!40000 ALTER TABLE `family` ENABLE KEYS */;
UNLOCK TABLES;

--
-- Table structure for table `Features`
--

DROP TABLE IF EXISTS `Features`;
/*!40101 SET @saved_cs_client     = @@character_set_client */;
/*!50503 SET character_set_client = utf8mb4 */;
CREATE TABLE `Features` (
  `feature_id` int NOT NULL,
  `feature_name` varchar(45) NOT NULL,
  `feature_type` varchar(45) DEFAULT NULL,
  `feature_comments` text,
  PRIMARY KEY (`feature_id`),
  UNIQUE KEY `feature_id_UNIQUE` (`feature_id`)
) ENGINE=InnoDB DEFAULT CHARSET=utf8mb4 COLLATE=utf8mb4_0900_ai_ci;
/*!40101 SET character_set_client = @saved_cs_client */;

--
-- Dumping data for table `Features`
--

LOCK TABLES `Features` WRITE;
/*!40000 ALTER TABLE `Features` DISABLE KEYS */;
INSERT INTO `Features` VALUES (1,'Stripes','physical','Zebras have black and white stripes covering their bodies'),(2,'Trunk','physical','Elephants have a long, muscular trunk used for various tasks'),(3,'Wings','physical','Birds and bats have wings that enable them to fly'),(4,'Scales','physical','Snakes and reptiles have scales covering their bodies'),(5,'Fins','physical','Fish have fins that help them swim and maneuver in water'),(6,'Antlers','physical','Male deer and some other mammals have antlers on their heads'),(7,'Hibernation','characteristic','Some animals go into hibernation during winter to conserve energy'),(8,'Camouflage','characteristic','Many animals have the ability to blend in with their surroundings'),(9,'Echolocation','characteristic','Bats and dolphins use echolocation to navigate and find prey'),(10,'Vocalization','characteristic','Animals communicate using various sounds and vocalizations');
/*!40000 ALTER TABLE `Features` ENABLE KEYS */;
UNLOCK TABLES;

--
-- Table structure for table `Habitat`
--

DROP TABLE IF EXISTS `Habitat`;
/*!40101 SET @saved_cs_client     = @@character_set_client */;
/*!50503 SET character_set_client = utf8mb4 */;
CREATE TABLE `Habitat` (
  `habitat_id` int NOT NULL,
  `habitat_name` varchar(200) NOT NULL,
  `habitat_climate` varchar(45) DEFAULT NULL,
  PRIMARY KEY (`habitat_id`),
  UNIQUE KEY `habitat_id_UNIQUE` (`habitat_id`)
) ENGINE=InnoDB DEFAULT CHARSET=utf8mb4 COLLATE=utf8mb4_0900_ai_ci;
/*!40101 SET character_set_client = @saved_cs_client */;

--
-- Dumping data for table `Habitat`
--

LOCK TABLES `Habitat` WRITE;
/*!40000 ALTER TABLE `Habitat` DISABLE KEYS */;
INSERT INTO `Habitat` VALUES (1,'Savanna','Hot'),(2,'Rainforest','Warm'),(3,'Tundra','Cold '),(4,'Desert','Hot'),(5,'Coral Reef','Warm'),(6,'Grassland','Moderate'),(7,'Mountain','Cold'),(8,'Wetland','Moist'),(9,'Taiga','Cool'),(10,'Estuary','Brackish');
/*!40000 ALTER TABLE `Habitat` ENABLE KEYS */;
UNLOCK TABLES;

--
-- Temporary view structure for view `image_new`
--

DROP TABLE IF EXISTS `image_new`;
/*!50001 DROP VIEW IF EXISTS `image_new`*/;
SET @saved_cs_client     = @@character_set_client;
/*!50503 SET character_set_client = utf8mb4 */;
/*!50001 CREATE VIEW `image_new` AS SELECT 
 1 AS `family_name`,
 1 AS `total_images`,
 1 AS `total_species`*/;
SET character_set_client = @saved_cs_client;

--
-- Table structure for table `Images`
--

DROP TABLE IF EXISTS `Images`;
/*!40101 SET @saved_cs_client     = @@character_set_client */;
/*!50503 SET character_set_client = utf8mb4 */;
CREATE TABLE `Images` (
  `image_id` int NOT NULL,
  `image_date` date DEFAULT NULL,
  `image_pro` varchar(45) DEFAULT NULL,
  `species_no` int DEFAULT NULL,
  `habitat_no` int DEFAULT NULL,
  `image_url` text NOT NULL,
  PRIMARY KEY (`image_id`),
  UNIQUE KEY `image_id_UNIQUE` (`image_id`),
  KEY `images_ibfk_1` (`species_no`),
  KEY `images_ibfk_2` (`habitat_no`),
  CONSTRAINT `images_ibfk_1` FOREIGN KEY (`species_no`) REFERENCES `Species` (`species_id`) ON DELETE SET NULL ON UPDATE CASCADE,
  CONSTRAINT `images_ibfk_2` FOREIGN KEY (`habitat_no`) REFERENCES `Habitat` (`habitat_id`) ON DELETE SET NULL ON UPDATE CASCADE
) ENGINE=InnoDB DEFAULT CHARSET=utf8mb4 COLLATE=utf8mb4_0900_ai_ci;
/*!40101 SET character_set_client = @saved_cs_client */;

--
-- Dumping data for table `Images`
--

LOCK TABLES `Images` WRITE;
/*!40000 ALTER TABLE `Images` DISABLE KEYS */;
INSERT INTO `Images` VALUES (1,'2022-05-10','Professional',1,1,'data:image/jpeg;base64,/9j/4AAQSkZJRgABAQAAAQABAAD/2wCEAAoHCBUSEhIREhIYEhIREhESEhIREREPERERGBQZGRgYGBgcIS4lHB4rHxgYJjgmKy8xNTU1GiQ7QDs0Py40NTEBDAwMEA8QGBISGjEhISExNDQ0MTQ0NDQxNDQ0NDQ0NDQ0NDQ0NDE0NDQ0NDQ0MTQxNDQ0MTE/MTE0PzE/MTE/Mf/AABEIAKYBLwMBIgACEQEDEQH/xAAcAAABBQEBAQAAAAAAAAAAAAACAAEDBAUGBwj/xAA3EAACAgECBAUDAQYFBQAAAAABAgARAwQhBRIxQQYiUWFxE4GRMiNCUqGxwQdi0fDxFBUzQ+H/xAAZAQADAQEBAAAAAAAAAAAAAAAAAQMCBAX/xAAhEQEBAAIDAQADAQEBAAAAAAAAAQIREiExAyJBUWGBMv/aAAwDAQACEQMRAD8AnqPUePU4ubo0aKPFDmXEwhVEBCAj5jiYCFUQEcCHMcTVFUOouWHMcQAQgsMLDCR8hxAFhBYapJUxE9ochxQBIXLNnTcJ5qN7d4b8DbemHXYHuJvWRdMPlkiad2/SpPwCZvabhipu4DN6dQJoqK6bD0HaOY/0nMJwrKf/AFn70IY4LlP7lfLCdSgjM+9TWoHLtwTKP3b+CJWy8OyL1xtXrRInZIxktQ4wPPGUyMid9qNDjyfrQH3qj+ZUbgeItdbD93tM3GjccUwkTTus3CcZBpdz39Jy/FeFti3AtfWYyxsaxsZTGQsYTmQu0jclJCdpCzRM8iZ5nkejs0jZ4LPImeLZpS8AvIS8AvFstrHNBZ5B9SCckQ2mLwS8rs8E5IDbtI8aOIttaPUQEUcR8i0UcRRxHyLRxDEEQxDkOJAQwsQENRDkOIVWSqkNUvpLmm0ZO7eUe83ju+C6ithwljQFzW0mkOPckfEjfOuPZfzBTVX3uWxkidlrXxuOnSO711mcurA9PzvI21XMdj/O5S5FMWiMsNHH2mcmYDYGz8y1jYsOn/2Eo0uCJzcBRtcjLXcLRInXaTK0qoSQJOojlKpYxjE1I+a47SgnMrZlDDlIsHYjtUNslHeA7gjaZtPTkuK8AdCz4xzJ1r95ftObdTdUfwZ6Tiz70fxE6pvSjfrQAMjcJe4pLZ08tyWOor52kDPO38Q8LVlL+nTbcThsoq5LLHjWpltG7yFnhuJEwmStCXjc0crBKw0RueCXjlYJEegFmglo5WAwj0W3ex48UjpY0cRRTUIQjiMI4jIQhiAIYgEiyfClkCQKJZxHlDN7be0eM3RWhk1aYk22+Jkni7O1D+4+8p6rL9Q8in5PtIsg5Byr6eY+0vvfgmMi1qdUTsPz6n2lzTOQm+56n2mZp0J6f8CaOmBHQe8c7F8R6jK4AsKoPToWPxLOJCABZszIGo+rqeUbrjHMxO9nsJvaYb2TDHus3pe0Wl7k/mpYOrVGC2BczdZxdcasdgqiy7MFUfJOwnFarxUj5OVMiuO/mDUfYiV88T1b69YRwwFd4zINz7TA8Pax8ij0HedFybTXrPlQ44bPUBV3MWoW1hBTNqgCPfpJzTCeb+J+PPgblFl7AUDYkn5kvhrxouTMumyMUytsEdQFY+iuCbMUuz07nUY7BHcdJR07E+/wf7TQbICL7zIw5x9Z0vcHp6gyeXVjWPgtUDYrr2Pv6SDLqmC8wG67MO8u6hQLvoZm5iBze4/tJ5dVTG7T/wDUhlKmiGHQ9xU4LiunVXYoQVJsUbr2na6amAFbj7GcfxfByZHA6XcxlbYMppkMIJWWGSDyTLKtUXJLH04304yVikApLn04JxwCoUkbJLpxwDjjDsKiqEBFUlpTYaiqFUVQ0WzARwIgI4jMSiGogqJIIFsSCS6pCMe3fcwEEuJ5hX2msRtzD5OXcbd/mSDWhtj1JH4g8fwlG5gPL+JmYjzdKH3mpddK+9un0TCq95PxDP8ATQAEAuG3+0g4Vh25j22mH4t1Z56BoICPkkSlusU9byHwPUfrcbl2O/sNptPxAKKosTtQnPeEsfPj5avf+86r/oQu42MeMv6GVkvbzvxpnz53RPpuMGPfkHV3/iYd5mcO0GfOceFcK4/2isMnIEZR3F9SD6T1lNIj0OQOe5rpL+i4amNgwUX2Pp8Toxtk0hZLdrvAeHDBjVLBIA5jvu02lXaRacACSu4HXb5jZtMiR2xiU8vFcadWH5Ekwa1cgtWB9odF25fxx4SXW4/LS5UsqT3HcTzzgngHOM6M7kDG4YEEEqR3nuJIYSsdMLsCm9ZnzxrbKXFkUgA8w5QCT1v3nI6/iJw8QZCdjjViOxrr/L+k9FVfWeWf4iaUprseRTRfFtfQ0SD/AFkfpNdq/O7undPkGXGHU3tMclixJNV0kXgzVl8TIeoFj2PpIsrv9Up2vb1EjldyVTGati9iarPoLnO8VfnyM3rX5qbetyciV3YVMMpF+mcruqZxwTjl3kjfSiZUvpxfTl36UbkgFP6UY4pd5IjjgFA4oJxTQOOCccA2aiqOIVTJ7BUVSQCPUYRcsILDqKogYCEojAQhAbGstafrvtKySZI51QHi+lGTG23Y1ON02mb6nL2BnefqFH0mFj0n7Y7d5v3KVTC/jWphAx4gfRbM4fxFpXLKz7c/mq/Uzt8o+oyYh0/U5/yjt+Zi+MNOxNgeVQBN53f/ABnG6uv6n8MYRjxiu/8AObL5rNGY3BcgXEpPp6XNLTalLLXddLHeUxvUYy9rYwYQi8x6daHU/MPTPztfYdBMzUa8MAimyepN0BL2gBAu+vT3lZd1OzUamp1Cots1bTz3xN4tezixtSrsz9yfQTquLlnxuoG9GiTQE8Q49oM5yNQJUXQBHrv8zU9Y/TebXu/m+pfuW3uXOGcafCwrKOu9sCPuJ50xZBRJBs2p7Szi4W7gOHXlrmvnsj2I63N7/wALb6Q8P8RXNjVh1ocwu6PeaGpbl3E4P/DXmTGAzGgB16md9noqT6TFnTX7V/r8wsdZwv8AiHp+d9I90ed0PrRo/wBp0pylX2og306zA8aIWx4mrzLkNX8Tnzu8VcJrJm+HidNqhjJtH6fedPrcAXIXrqLucuVLrjyVTIRZ7zsH/aYRfUp1HfaR93FLf25rV5Odie3aV+STutQZlhDyx+SSVFUQRcsXLJaiqGwi5YikljVEERSNyyUiNUYXRCAiAhARAwEKo4hVGEZEVSSouWABUcCFUVQB1kqyNRJUEIE+OU9RnXGDW7tsO5v2EthbFXUDT8OQZA9Et2s7D4E3Lf01jlJvafgmjY+d9nerH8KjoJD4o0JIvaq9J0WlAC9JW4pjDodr2nTPn+Oked5bcJo/0BP4djJsyFaAPX0janDyMagY3L7Ht6+kjOuqre+1jB13bp1r+5nQ/WrGOVgNtr6TitdkGMhzsgOw6fc+pm9pNauTGO5H6aMv80s9ptRqHYcpAvf941OL8Q6INuGo9iBy7idDqNVy8wtifXp37f77Tn9eBkdu1Abnf7ylpRw2t4ey8zk829X7nvL2g4eEIYMd6sdviXde+LGOV3BJryrvRHWFpHxvX08g9abrsAahs5jHfeEshAobDYA0CD+ek7zTZAV63tPPvDudUXk5gW7WeoO4nV5OJpjRVLAM5CqB1sw2ze6mxFbJIHU1MbjyjJSdKPMB7zW1OOwrDuOojabQqx3F/J2kct5dKTrtm6DhxbA3OoH8JA3PzIdBrzgJx5AWx35XAvl9iPSdpi06hOUChOY41oPptzqb3/EznhqSwTPvtl67BytYNhrIr0lXlk2Ryx37faRznaDUVQoqiAajVDqNUQDUREKKoAFRqklRqgFhTDEjEkWBbGIYkYhiAPEYootmaICPFDYEokqSJZKsZJklvAlkStjE2NGlC5f547rOV0nc8oEq5HsESTUtM/K5nalGJxLFuamdgwFm9FHU+s3dVjuY2clT5TQB/M5s8dXa2NZfiZQ6hB09Zyei4vk09XbczOSu+wWyP6CdxqP2gNzjOP6YJkxt+751IHobP94fLL8tU85+O4uZfEK5Vx0rHnUmwdlIuwZl67UvksDyghhtd7iQeG8QXIyN0cBcbe/UA+lzpf8AtpB/TKZY6qvxwmWO3A6nTMGBbfm7+8n0WmIYEdf9ROl4rws8itX6cn8iYek4fXmI7Rnj8/yTY2yY0GRBzcvLzj94L6ib3AMGTUscuRr5GCrZ/TsCa/lKeHypkfsE5B7sdv6TpfCWDl06ECixZvydj+BMZeF9cZjl06PBaoFJuXdKvcypp0PeaOMR4xz5VaSZnG9KGQsO3WaKGFmQOrKe4Im7NzTDzpxuYMsa7EUyMp7EyCp59mqrKaPUICKojDUaodRVAAqNUMiNUAGo0KMRAJ0EkAgJDEyUFCEEQoDZRVGuPAyjgRriDTRbGJMgkAMmQxw13TY7ImwooTN0LC/WX3ehO344zSOVQ5jKbCWWe+sgzOO0rSilnOx7/wBJjakX0mtqPeZGtagakslMWa2Tleydr3mfx3SLkTbcHcEdQZLka232BjYdUgdsZG52vuJHWvFpf647Cpxswc8pFFT037VPR+AahdTgVyKyKKyCq3Hce04jxFoWVxkq1NEEbgfMveHfEa48uNG8uMsUyEn9IYVfxYB+86bbljKfxymNuP8AXY8S4eHxOK36/jeYb4+Qe87F917EEWCNwR7Gc7reVSHcgKjXuQOYg7ARV042S7qlqV+m+HA6+XIFewRd35if6Tu9DpRjQBe9d+k4bgyNrtQCQeTGwYOAVXlHUe91X2npONBczcfHH9M+WVSYU2HtLaECRotSUzcQSLUkEjxiSiagcn4jQc91v32mJU6XxOn6T/zOcqcP2msq3jeiAiqGBHqSa2jIiIkhgmBAIgkSQwTAI6iqHUVQPYwIYEQEKotEYR7iqCYwe4rjRQBXFcUYwAw8kRpWEnxdYT0NrQLtJNS/YQNK1LKuo1G89HCaxiVTNIWeu8PrK+XH3mqIHIwMydeesuZL7ShqFsGz+ZHJXFz2uflt/T9I9TMrCW59z5mIJmu+P67kj/x4zQ/zNIW0pGTm9CLkcrfFJ3dp8LgnkyUcbg0T0DekxuNeGVJLY9jV0NhNs6Tmtezb/BjYFyI30386muRqvb0M3jnqFce3MaPJxDABjxZnC9kPmUD2DXU0+GeG9Tq8gfUZW33N7d+gHabn1CpDEA0QJsaXMQUI2s2R8xz7f4LjdetvQ4selxLixiiBuR1J95f0mWwL+8wnbzc3Y7GamicEf73945nusXHTZRoYeU0f0k6G5SMVaV5IhkKGTrNwmb4gwc2O+67zkuWehugYEEWDOR4tofpueUGjv8Tm++G/ygxrMAj1CAj1ObSiEwDLDJISkQCYMPli5YAMVQwscpBpJUUaPcW2DNIyYTGRuYtgi0cGRFo4aGwlBjEwQYrgZ5IhkYjgxwNjA/k6yiSWeS6dvLH04HNc9L594xKpczlRQ6zPy8x7kn+U08ijqZXZfsJrKCVmZEeupmXri58ncjc+gnQ5GoGutbfMzcaVZaudtz/pJZSNys/FjUKEB5a7Ha5Y02i697s3DyYA3b/WMmRkIsEV37H5kripKtJo9zt8SDUaUhl+f6TR0eoXJuPiW8ul5wfWosseumpl325lcd81jbm2/MNWKeYeu81RouWh2AkTaXqO0nprabSEsvm6es0Ma0Nj0mYMgClQenT3M0tE4YAHrK4yJZNLA1iXEqUESpKMlS0YrRWu5kyN6TJXfckkTUwuCBNysVaUynxXFzY29ak4eLLup+IXuaDhnFGo9yTXUHI95ADOHKaulIImCYoxmKYaijxVEDqIVQRCuDSO4iYophg0jeKKIITCEUUAdTDiim4ZRAxRRksadu0mwDzRRTv+H/lO+p8x3keQ7VFFK5FFbJhvvKWQUYopHJSDxntDfECI0UTU9RaIUWA7Emb2jyWLiimDqfUIGQN0IMyuK5OQUO46xRRU4wWJJO8u6TOy1vcUUR1u4MxO/rLyH13/AJRopXFKrOIS2hqKKUjNSDJcJ2pSfaKKMq43XZLcmu8rgxRTgy9qk8Fca4opgyuPcUUGiBiJiigH/9k='),(2,'2023-01-05','Amateur',2,2,'https://cdn.evrimagaci.org/Dg2dJkjNuXW6azWw66BaG9L1TKo=/evrimagaci.org%2Fpublic%2Fcontent_media%2F7a64da93c44784c795c96a4aa4ed5d18.jpg'),(3,'2022-08-20','Professional',3,3,'https://ia.tmgrup.com.tr/e1bbcc/1160/650/0/1/551/310?u=https://i.tmgrup.com.tr/rt/2021/02/02/islamda-hayvan-sevgisi-1612273395839.jpg'),(4,'2023-02-28','Amateur',1,4,'https://fotolifeakademi.com/uploads/2020/04/hayvan-portresi-cekmek.jpg'),(5,'2022-09-12','Amateur',4,5,'https://evrimagaci.org/public/content_media/2420c80ef4e7d0b92f45c6015fabc23f.jpg'),(6,'2023-03-17','Professional',5,1,'data:image/jpeg;base64,/9j/4AAQSkZJRgABAQAAAQABAAD/2wCEAAkGBxQUExYUFBQXFhYYGCEZGRkZGSIiIxkaGSEbHhsiHCIZIioiGR4oHxkeIzMjJystMDAwGCE2OzYvOiovMC0BCwsLDw4PGxERHC8nIScvLy8vLy8vLy8vLy8vLy8vLy8vLy8vLy8vLy8vLy8vLy8vLy8vLy8vLy8vLy8vLy8vL//AABEIAKgBLAMBIgACEQEDEQH/xAAcAAABBQEBAQAAAAAAAAAAAAAFAAMEBgcCAQj/xABAEAACAQIEBAMGBAUDAgYDAAABAhEDIQAEEjEFIkFRBmFxBxMygZGhQrHB8BQjYtHhM1LxFYI0U3KSorIIFiT/xAAZAQADAQEBAAAAAAAAAAAAAAAAAQIDBAX/xAAgEQACAgIDAQEBAQAAAAAAAAAAAQIRITEDElFBEwQi/9oADAMBAAIRAxEAPwDHKo0swnUJjaNvLr/jDFNzuNx9sO1ABPmZ36D9ThotF+nlb64RKOGaZ9cPqJEAAljAgSf7n/GIp3w7QzDIwZGKsNiNxhjCacJM7lrgFQCpBbYc4HnbywqjvRqEJUKGCvIdh1EjvGwwPWsymQbm/e5H53x3SjSWJOrYf5JwIVP6EaXFIBpjnpyTpcAmSL3BkXuN9gcNVtbmnUVh0UdNBWB9Li+IxKqpiQ0xB2jrcb/PE/IZvU3JqQBeYyOW8SLS248/zw2xPGUO0OMVKVQe9T3gi6uTzq3UHf0Mxgxlno11dn1hU0qDBYKGEKRBHUGRgZro1npoTLGAGeQAS11YzcGbEbTh/M5h8mKtFCpSsgUkS2llJFifhYQQR0kEdDiSKsH5bM16Tg0qsCmWVQGJUa5VoVttUnp1xFz1SuKa06jEopOiTOnVBYA7gGAY2m/fEitQNSqpKtUVonSBJ/3BYIm+2OlSo1KqzalQNq0RGoiF3IkRN8NJlr0C0qpWY6iCO4OPC21zbBWnm6IXS1LUZkuCZi9gSYINpsIi2+Jz8C1kFUImn72AZX3YAli023HzwNjcq2Ca4dUVWZtJuBuI3kH5/fHFOkzBS4fRMSBMRO3cDBvPeGCtKm4qSD+FlMqDFwJuLz54byDvRrKlVyaSsAwDQGXePS1/Ke+FYu6rAG/hmBiJvpF+u+CPDuNVaa6OUqGLaWHU2YDqJj6jBXjmXSm1Mippp1EYagdWl0J+IGSN1FunpgC1VWYQFgWPnBOxNwIjA2K7R3mFQt/LmJmSIi0wQLEySJHbzxYuB8QAo1Cztop80SObVIYCRaeqg/i2xXKulIIAa0idgSbiQbgRhrM14pKo6mT5+uJce2GHWyRxrj9SvUZp0gxZZEx1Pn1wMWs07n64Zx0izi0kXRfPDGTcURWLhQUJuBJVXKkLPxXGxtvixZ/L0mKoagcIyoui2rUQwIaIH+BixeC/Z/RzXD8rVNWohNPYQQJZi0T3OLNlfZtl0I/mVGUEkq0QSRE22IGxG1u2ObkhKTwYvjk3Zn2Sz4pSKVODpKlwOc6CASWF5uTP6YF5kl1bU5KiSJn4mvN7mbn7Wxr9bwPRHNS5WAtNxPWbzfy8sUfi3gyrQU6n5GYNKCwPqe3+cZtTjuxODQCytPSabEAwQeW06el7jD+ZrkNrpxBJtJ5bwB2Nuvae2H2UsoVdQp6dNRtAJTqGN+pI7RGOTwmqNWl6YQAWPxAH6i09Cd8ZjGq1IVdBB5hBkGJIMRPb8/niYPDFWuebMhADMheYSLjeB3jELI0JCktDSQuk/K5I/K18GuGV8wINNKrjVBUCYPe18VF18Gor6Esh7P6EL7xqlSBsXgfRYxY8lwChTjTSA8wJ+5wIq57Ph1KZVmAEMxWCfQdB5RiU3E87+GgyibzTYn7foMadl4WuqLBRycbIow3xHJ5cQ1Y0lAuC5UR/7tsUbPDitR9C1KoUkToohOXre0/UYF5n2VV67l62Z0gxZ5do3MwQJ+eNYvsXa8OuJ8Ey7ZirVoZ2gACC42UA7CZi8dPthVaaVU95Rqa4/GoOl266bSY9fyOHs/7LjSy1QUK/vag5oemBMAyqsDqEgmAZG1uuKXwbxhmcqfdUmUKCYmmpi5kSROJlxKTomkX/AIdQqVPhpVCe+i5MCbiwE7Yn0vD2cInQq+TVAD+R/PB3g/GmzGXo1gTzoCQLc34ojzBx5UzBnrgX86DR8stT6Se8dJ8/lfDFZSDffEpRaWEwYjraOnaD9sJkWNRuTeASNIuBM7mY288b2CZCIOEqkmAL4eqCZMsRNmI39fP54l5LOBEb/cYAUSJ3lmYXgbaZ64aGNHJ6QWLBgLcskT5mIGJ+QoUfdM9ViQDCoD1iTtBNiPSTiLxfNq5C05FMCdOw1EDUQOl7T1gYHqtiZFunrO3764qwqwxWywFJXKghoI0mbdfh+EiYv13wsxl6RpalYK2y7xU0xII3V+bfY4h5HW5WkrfGwgEwNWw9JmPPrg5xLh1cZYMfdmnJLaRflbT7xQQLSNJKmLXHXCtC0yuyABe/1j9Ptgrw3LV61N4V6iKCxJkhSoJtzAD7naAcBnUjpgpwniK0lMUgakN/M1NYGIgLsQRv54AeiIupWsCvUD0g2B3tf0xJ4nVaKfKmkIACuzXO8bG0R5DfBXKcLGYp0npqQ5qMjkNAkqG5Qfha9gLN64AZ6iabGnMgGQYv29R5jywfAVM6p0NYL6SOgCiQT16yO/bfEzhvH6tAgAhlFN6enpoq3YW/qv8ALA7J5x6Z1IxUxHkQdwZ6Yjrc3OEOvS0ZXxrVCqlRVqBUanJAB0NeNokHY9rYfz3iejVVlehBKlZUjcD+U1rSIhu+qdxinHEl6kgdWO5jboLjfCasThHwLrmfeUlpqvNMG0gzA3PwsdxED88Q14bUVifd6gsEqCDY7bEyOmPOGZ8U9wSJmPOIn1wR4ZxE0wzAwY+n7/TEttfCJNx0iK/D2MF4p6iNIYEbzvOwEYI1fCleoqe6pmoTMaQbjeeYCBe073xoXhfw9W4jlVg6UaoWLupJTSyzoaeeQvYY1Dw54XoZKnppgs0c1RyWZunU2ECwFsJSbHHsz5fy/hTNMf8AQqCN9SkAfUYvXhv2UVGqqa96cA8p3ncHqtuo6/fX6uXLuYWJ7jfBnJ5JUFwPtg7tmtD3DcotKklNBCqAAPTEwYZ1DHQqDDTEO44dARBuMIHCw7Az3xdwL3BFbL0QylSjqSSIJkDSDtc+kYpozVIKpUaWLElSPwqpIEECLiLY3GrTDAgiQbEYwP2sashWCLBFVSVPUCYMnvf54wnxycsaI6rwtHC62WFRqxQF2ix2EbQDt64u/DeNrEGBj5epeI6wbWajFpFoGmOv9h9Zxbk8UMoQhzziYMfSxxt1UcDqsn0FVzasOVwPvhuhRJu1dj/6QB/c4xfKeMW/E22DNPxoqwC8SJF98DwPsaytFOrE/wDcf0w9yeXz/wA4yyj40Um7R5n9e2+HV8UywZWsfP6YnsgtGkVMupup0n7HHzt7TeC/w2eeAdFU+9px0mzr8mv6MMajU8VwF5o6EeeAXtCrUszRpiGFRW1qywNK7MD3DQB8hh90shsd9jvE9eUeiRDUqh0g9Ve4P/u1DFyqUr22xQ/AfCzRRqoPxACYF+vTpiznO+bfU4pTTyJo+bahnY26kj/JthUhIC6jOrlESSTt8sMVKvbb/j9/PDmWQmWkgbE+e/y2wUKqQqpDEhSxm4JEX7WN/wDjDKVisgRHUGDP98eVSJ5dhj1qUKGkXNh1gdfSbfI4opDJOEBjzHowDClPKoUA1KGILGd7TAB26eW4xPpcfeilFFJ/lOzFHuGWpBKmAAabCxBmZJtIwGy9UCZEzae18OIq3ZyRCjSB1O3X0wPJLXoszUDFig0oXJVSfhG4HnAMThmi5BMEg+Ri3647OWeAdBE8wsbg9R3H+cRlMYEMsWTyYKoErf6jEvT2CmmTp1FSbnmINo+mPOLcIqsz1mqLX2LsCdUkC5VgrsLjmAIwOoyFBDqCwYaTf4Y9d/OxjFmo+KmK16jjXULaqTISrJUIRJYqQ2kIpiOsz0wycrRTRRna8b3w3o8xjV69PI51UZ2Vnek9UxCVUh4KyOViqgtDgyASD1xnXH+Ge4qlFJZCA9NyANdNhKtYkeVjuD6YVjjKwaw7bY7AjphoY1/2T+zj3rrmcywVVhkpCCW2ILX5RuNJEnraxLooq/hH2d5vPKHpoEpTBqVLCeukbtEfffG1eFfZVksqNToMxVkHVVAIUj/YsQPUycXddCAAQoHQWGEM0vQg4huwocsBAsMDeK5yIVdyYw/XrT1xU+L8TioFVgCQZPpv6YiboaLJl3Ag7sftiXqtirZriASADBN/UDYEjbfbFU9pPip6GUimYepygieUHczgjl0Ns49pHtK/hnNDLMr1vxtutPyseZ/sOvbA/wBlHj3N5nNjL5g++V1LBgoBpkXk6YGjpe86cZp4T8OZjPVxSoLJ3Z2MKo6lj132uTj6O8C+AaHD0lSalZlh6ptN5hV2UT6mwvjakkQW0HHpbCGMX9tPjXM5bM0svl6hphaYqOQBJLEgC82hdvPEV4M2kYx7/wDIfgwajSzICg020MTuQ2w87j7+uNA8C8eGcylKuCCxEOB0dbMPK/54Xj7hv8Rka9MCSUJA7xfAmDPkIYtR4NWahSfSsAG5IFpETN4vgdwPgj16y0wradQDtBhR1k9Nj9MbfluH06SKiqAoO/4okgf82xPLyKNJEsxnhvEHoiqNALMoGsgHSoMtpkWLQBPaceZfONSdQ6Bl1XvMDcgRYQDt0vjVOIeEsu8o1NlF4PU/1E7bj88Dqng+gUgBlYm5YAyCB0IHbobbYyfLH6JRyU7jdYKqpSZtBGoSfiEkRbsQRglwjN0+ZijDblJjSRaZ67TeL4tVTwjRfL6Qx1qTcqSRYAWMDcffDFPwzTFL3bu1RSQZNuYDvudyN8Zua60Eov4T+HUhVPvDpVheNMgiARbafQRtGJxyVGsGYVOZLMNO4uR5tv088Dshw406YCadRMc17TaNUjr9MPVeEk1C6zJsxmJgACCPP1F8T3BJlp4TwoaVo60G20yR3A+d/lg5/wDrtDu589X+MUTL1BSNmJMSR2aNh1/fpgpleKNpEFo9MUv6EsNFpHzwwRVFwTHTriOG6g6QfviZmOF6V1CYnftOwI6n08u+GquRA/3gnZStwfMAyB5xjsRCojVKVpH545ABXzn8/wDj74fooAd/IyPte31xy1KX0zJjp3iwtveBhjQ7XyiBAysxbYiBv6hidvLHtGj7wSo5hv5efpiVlskoAFRVInmdGOtRbYHlaINom++PM3TIYGnAQDSH2DDqTMX2kHv6YOyF28JbUKT00ZzGimQpACGrpNu8kXHdgB2wIZNbAKrGwEed432k9PPFxXwrS/hWre8NQ3qIQfhQTZljlZmB+SzgPw2aQqNUTUHhGVmIDIb7jYgxzGwi2J7L4JSRN8L8ZpymWzVMVKQbSJlWphpDaSCCt+aD17dSXFeC5XKionuXrVXcgM5tSQ7Ead2Mm57Yq/EKiGo7FSwkAMrE6bQss2+3XcDFiynHQZSptZBPUfhB84MT/TjLkcoq4kStZRR8zR0uyz8JInvG2JnBeG1azxTWT1JMD5+WLouToVaLpTKDMhVPuqrSKogsfd2Uq8EHQSZ72w7kco/uRRytNvfVF5hTpkkADmB7Gdy3kPLFPlpL0pzdYKfWoijUen7wEi+pZgtEgSYPWL2OINSrUrFVgsVkAAbSSTHaSSfUnvjbuF+xqjUph62umzKCw1ywb8W3Le/pO1sVj2jpl8ky5bK0wirJZplmJ/3MbnYW9MaWaRV5ZRctQFGGMF46xCn59fPBrhvjvMZeRSIkjczb0GxxVq1cE3E/PDZqr0GLpFWWXiXjTOVvjzFQz/VAHoBb6Y84d40zVMwKz7WAuS3QHy9O84qzv2xxOFSC2bJwn2rhqYSqNLabtzXI8oIH17YAZzxka1elBtrE9JGxud7E2/5xnU49Vo2scS4JiPoDN58WJgxtIHWep9BtiNxTgIzsLUT00mCp8tW2APA+MrVpJqIDEKTOwbaI7Rt+5uvB+MJQpamvcCSd52j+2MlGpA3gO+znwnSyNJginU7SzEyTGwJ8v1xcxit5vjISmGmJ69vXyxiSe07iWWrFMwy1tJuYA1DoyFYBBF9vpjeiUz6RGMw9qvs/bPZjLVqRUN/p1Z/8scwYdyJYf9w7Yn+BfaRls64olilZhyo4gtEkgESCYE7zvi+xecSygF4S8K0MhS93RBvdiTJZu+D+EccTiW6GN1cnTYQUUg+QwHz3hmk3NT5TEAG6/TofPB0HHWE4xltCozvi2Tq03AqWWf8AUN9QAsojrMncbXnEXOVtAEHUL6SOsETJJsIGNKrUVYFWAIPQ4pHibgppLNP4B5CQf6iRcf2xzcvE4q0LQApZoEnSInoenncx1x5VJFwbC286fP188MU6ZqGNRJUyIgSYvYC222OwqtKnULTY3tvO4H+DjmsLOMqyxKsxMkb9ryO3XDy51kMSDaCD+ECw36zPpH1ZooEYkOACCQCeo22EyTAtPpiYCX5mMDrpGkyhmxS82Ftt8KgsYr0lDysE7AE9T/n9MEctUEfE252B+9t8Q8pSGuQBcjqBczZb/b08sctSqamlTYwP5sWgdNOEgbMorcVpBFNI1DpGkCQsTJ3IP28sRMnlvePqMpqVzPxH+Wuok7TtHqw3w7SMDRUNMkwAQsFxYQTAtFgdxtguuVAit7u34hqIYrM6Y+GpBEgW+FceraRjaRXMjw33tUrTVqmjmbaLRq7SN9rnFl8NcMUO2kilU0ygrSsg7BSRpJ8tXa2+BycEpsQVIEtzLqAdOxQExE2jm8otjutkhScc7VVN1DEkLpMHUIgkMNhtOBysJO9MfznDRpIUGnWCkksJBSw3HwtcwSJgiO+DHFcrl/8Ap9B6aKGUe7qf1sttfqw39D2GAdb38TLadZTU1txqI/3KNJW3+RhZLJVKw0055BqckQqJcam+lupJO+MZdmic0TW47TbL06VKAyzqMRrVjJB6ypUL5hrC5xDrUQ1IVlaHBIjXpKwTJMSBI2B3AOCnvaJRqVROQStKoGAaSSQWESwmSSbg+WIiBpKQSWsUgkkkW33Ig/I9cLCdoWmLg6F8nmDqUFlCsSBc0ySAZs0yxkSbjtgLkQ5Kr7omqxhf6oIEFfxn/GL/AOEvAuarItN1ajQDE6qiaWYN5HGteHvCeXyqoETUyizNcgncifhxcHJ3fuDSMW2Ubwr7LBUFGtn4LotqKhRG2nWyfFAG22NM4bwyjQQU6NNaajoo77k9SfM4mascO8b40ZqlRxmnhT6Y+YPammnNsbme+/7/ALY+msyTGMH9tPDdJWp9bf8AOEn/AKRotGS48x6MeY1IFhY8x7gA9nHOO9Vo/THOACbw7iD0iSp3ifkZtPXGncNza5ig9LVtYkHq02HUne+MkxMyfEalIFUaASCfUTH54TSYmjTKmcztGgKbqKyaYDobgdmBsTikVqYq1VWqGpkkSW/IfUfXD/DfFFWyMCy+W98XDwvwds2warT0UVIaGAJY9QJtpPXvgcmiUi9+zHwrRoqtdaSKxWA5JZiD2LWUH+mMaN722BXDX5QNgLAYKIwjGbs0Q4HwoxxIx0MIDrHQw3jsHDiwZ6cZB4r9teXptUpUKJr6eUVCwCMepFiSAdj1v0gm9e0TiXuOHZqopIb3TKpG4ZhpBHaJn5Y+RTi9iNB4X7SXD/zaS6Tb+XYjsLmI/tjReG1KFRDmKTBxMEqCdJa9o3vbtbyx884vPs74m0nLi+ohlXpa7SQQbx/nGHLwxrskKTwaXRYOUUaS6tzDT3NjfabQI7SJkYfzLKRYgtNwRtsWsYkFbdPKwxD1TUak0WdSuki/4ubV8PkJMxviS2UBEs5MMAQezEAiwN5aJjcdpxxNeGak6GszlE0I6GWbcggAgRuJ3sJx6r1RInXf4ghj/wCRnDQp8lNQfdy/KxcEhRrm1zA6W6kdTh8Va1KQqioCdWojv0GkRFsJRsLMx/gwjq1RCVfZlhSoswa0dI2giDG0YIViuZEKtOnVjUzySWncdoJ1elj1MF3r5fMKxqsQ41ctOmIK/hkqC6nf4fOemIGVywprLNyqokAOV5uUKCy3UTJibLfHZ2bMrK9mMs76RTL612E7jZo3mDeBNmOD/Bq5pU9cU3dSygCYdHXSRtAIteJhbjls1l+HVi38im9QCAoBjUUJDBDYW8v7ge1coxt7sqUILe7cCQQQ19ptBFhzC+5w+zaHlk2pT0nXSLKANTBNLEqphSs8xYQb6RA6zfA3JZnSX0VfdhSasknUz30gzPcgi45vM4iZ+uvKq6kdTdr8wMRp1QQBBF7k/IC2+zbwqM1mPe15dKcMCSP5jdCesAQSp6kbg4ECTboZpcHOdrRl6KMdA1MGgAySWiwHMx846Y1Lwt4Hy+VioUDVo5nNwD/TIt64N8H4TSy1MU6SBFH1JO5J63/PEypVA3xcYJZZtGFDhOOZwyK4OOfe3tirNaH2bDNapG9scOxnEV3nyGFYUdPUnvjOPajwsVKJkmwmLna8xONA1WtbzxVfEuWFRWk2ggTtP+O+ExnzY4AbsJ/LDLYL+IuHGjV03gjUJ3gzBMdTBwJbG92Qc49x5j3AB5jon7Y5wsACwsLCwAWLwPlw+aUHYAk/pjd+F0YAEdItjB/BH/iqd4v3A9d8bNxLiQoUmqTOlSe02sOnXEyJ+hXjfi3L5GnrrNc/DTW7N6CbepgYpvDfbeTWAr0AtEmNSE60Hcg2bzA++Mm41xarmarVarSzdOijoFB2GB2BRKPtPKVkqItSm4dHUMrAyGBuCD2xIxj3sTrVkyhDMfdlyaaxsDvF9iQTHf1xqS5gxjN4ZSVk+fPHurEFCWM/bD6qfTCTHRF43w9a9NqbAMrAgg7EHHz34w9l2Yo1SaCa6R2vdT2M7jzx9IBceNlwRBw02tCaPkSn4VzrGFytdz/RTZvrpBjFk4F4eq5OoGzNN6VR4CIQQdO5MiQDIG/nj6VyuTCGVtOM59tOX0pTqyLN1Gx9fw/vfbFW2qYmkVvi/GFUayxIlPeKt2JuSAOth8Raf07TiukUwgZhVILtoEhtUkBdwbGCZsgO+1O/6g6sCZNMEMSgJtJPPGwBJgjvF5wxUetG5ILF1kkFgbbNO+0jaR3xzfl7s5Xdl3GcZgqoVENq1xEaFgoREmxBmRtETibZrl/dnaFcQfPmEiexxS8pni6IqBTTQkgfDqmDLqCQrEGJJi246RuKZytTYKECjSCLKZF73Fvla09cZPid0gTaCeTz7IojlGq0bGV6xYgHyGx8jiZmqiFnIrCGA0lrRpGkAdiQCbjecGKfgjTpFSvThQIVHFyoA5iUJnYbdN7xibl/CeWgqGdiN4qr2JkhkWPl0xrT+D/KQBo6aOY1M+nSNSVNLEbQVl/w6WYHT63mzVKhrqy3KtRysESVG4gNYjVp3/O+LafClOrpACKikRNSo0gd9DIB6SR9IwWoeDudGX3PLG9OoZHqa/md5wdZFriZTeBeEGzoUXCKQdTIUsRzBdIAN7wepI2xr3COFU8tSFOmLAQSdz5mN8ScvTKqBb5D++PXGNUqRpCCRya0nDOYfHWmMMZk9T9sM1PKNTp+WOarRc/niPqjrbv2x25B2Hp++mBCH2qTt0GGXq9fp5/2x4LDyi/7/e2OKrfOD+WAVjQrkzadz69sDuKGEJPxE28v3f7Yl0Kp1sDeB98Q+IGFk7/qcD0FmQ+0PJKVasZmwgfOCT5WtjOemNi8ZUv/AOR3/ESWE9Jt+/7Yx1xBIxpxvAmcYWPceYsQsLHuPMACwse48wAScjmTTdXXdTP0xbuLeMBWommRDMvqB2Bnf++KTjzAAsT+FcMes4VO4E9pwW8HcFpZt2pOzq4AZdMQQCA0z1uIxoHhbgKUHYAWBsT+Z/LEylQFz8J8MShQppLHSAACfubb4stCrMdfLAOk8KO36YlU86BacZvY06LDQrR0xMWoDgBRzJbY/v8ALEulXvE4Q9hQEHCLRiG1aMMnPXtB/TAMLI2Kx7SuEjMZGsLkovvBE303iARO3XBelXIviWjrUUqRIIgg9QcWmSfK9AyhgubXVW+K1gRB1X6RiPk9RYe5pksVlljUNU76kIal0O42vacHfFHCEy+czGWUlIeaTEQAHuqtNtN9Ie8bm06a+amgBQrKUJZwQAS2yKTuSLCLAc3rgZnKPgcegTUb+YU92ukuaZkmecEa2IUEEEjUdyd7Cs1SUHn0M3UsCZgkWKGCLW7bbAYmcKp12pq3uwyayVBcByFuxWSGaJnlmZ2IjEo5VKoFR2OpgCYRQL9gXBA+Q9MYybTM3GXwvFNRADIWM/Fp/Lm389vLHGcraU0+9Wmm/OSb7mSXE/LuMM8O8TZZClWtRp6WUFQdDExyg2UgWncidJ64D8f8VLVbXlqWXhYaDRUkb2JtCnUdwOvzFFs6G0SsrQGarLSYLXJNixHwn6mIvPlaMbbwvJJRphFEWE3n7m5xUfZflnGWFasipUedqapbp8Iv+/TFrqZuPX99saJUCyTmfDTnDNKqPnjirmVXqMJstI9Y+mGahHliJX4sgnmFt8QX4xTN9cdf7YyfIkUkSWHNPY28/wBxh41CRAtgV/1EbyP1OJKZsb6pP9sOM0xOI/XIABmew/d8c++kR3/S2I711sCf2L4ZpVOp7yMaWQJH/mHoCsfn/jDPETMdp/LHmaHMsd7+mBdbMEmPP8o/vhNiAPjEipSKwYvt3BB/tjGM3QKm+Nl4m4K6fOAfQb+XT64zjxJlLiOwt+/XFwYFZwsdMIxzjUR7jzCwsACwsLCwALCwsLAAe8E5o085SYGLkG0yCDaMbIlPad9z85xhnCMyKdWnUOytO07eUj999sbnw/Oa8utUD4hPy+WwxnyLAvp1Xz19I6fv0xBz3HxQGpzAG5/f6Y49/N7gdP8AH98Z54+zmpkQNO7EfYfriIqxmn8H8RU641U6gI2tMz2PUb4NZfiTA95xgHhXPNSzFMhmAZwrAfiBtBHXfG6cKOoqCI7b3k+eKlBoLo99ofH2oZB6qFhUYikjKPhZ5MntYG/eMZP4S8a5jKVFaqz1aLbhjqPW6yZ6GxMHG58R8ODOZarlmbSGAEgTpIupi2xAOPnrxl4WzORqlK9PSsnQ63VxeIbqY73ti4pVQH0J4V8TUM5T10dUdQwgg+YviwcMmTjHPYpl2SlUZpX3jDR6Abx288arnc+MtRapvAmJALdTpk3byxDyxoyX2q1Eq8UZQoDJTWWuZgEzpIggeU79xGB2UyivVZq1I1xZNdMyHN0BBZT7y9oMEW63wzwXiZzeeq1qigSDHKJEkJcfcjoTa+LZk6YVub4FPwlxdCZZj1BJgQABzHzxhyzadGc2wbmPCaPWV1YBVpkoAdGkKwIEmWkG8t68uH6TMg/8WJYljpQNeSDqbQdTGJmTuMFA+qn8QUoBqWbTcrGhtL9AJJ1GZxIzdJahUlNZChSYG436jr1gTv1xg+R/RUZfmON0a9Kh72Vq0xoJE/AohRNh2jUSQV3uRhzw3VK1hTy9UMtRlDK6IeVtoD6pdSSNSyBvN4xVznEazpMbBTAk7+f54J+FeJGnXpKF/lirq0yJJIgSevkLC5x6HXA+uD6Up1dKqikcoA6fWBjx8wAL74qOa8Qmm9x1+nfC4hx+F1byBY+flb/GMuxqkGeJeIVpDcTsBO5/P6YpXinxsVlQeb/aImfLsPvtit8a4m+osXEkaVOmLRzRO1v/ALeWKbm6xawET/8AI9Og698KMXJ5KughnfF9diYMX/42tiI3ieud2j08sBtQ1X28sPUcozP7sb3k9ABcsfIATPbG35x8F3l6HMh4tro06yR674v3C/EoqKGWZ7Dp3/fpjH2BB/LzHTBnw3mWFTQDZh17/v8ALGXJwqrRUJ5pm28MzmuTJ+eCRzI+mKPw3OMCLzNiJ69/pi0gff8AxjGF1QTSscOcET1nA6tmVJUg/iv+v54gZivpPkT+/wAsD6+YgmTFyw9Nvzj6YebFSHuIOD6KP/sI/f7OKdx2JZjsI39f7YP8TzViRN4xSePZ3U2ntv6/v88awyyXoD5kCfOL4j4drNOCfAPD9fNVFp0kJ1ES3RRIBYnsMdBIKK2B/c45jGncf8L5fLZfQsPU03a8Oy6rgGdJmVjoSd8UjjWTFOpVCf6epWpnvTqAvT+ekj74UZWOgPhYIe7918Q/mmCq/wCyYIJ/q7Dp17Ygkzc4YjnCwsLAB7jWfBHFBVyopSqtTtBO8bmB389zOMlxN4bxB6Lh0Nx06Gx3HXfCatUJo0ps6VYzMEkSYH6T++uKJ4ppVDWZ2uDsRsAOlrDBEcWDgVGJna/eZ0j5EfXEXPZxoE3679On2xCTiAS9lvD1fNio4laQ1CR+I2H03+mN9y/D6ZbV1I3n998Yx7O6wNW1iQbdxjZOC0CyiW2sMXF2S9lpyoUC2Bni3hYzGXZCAYuDAMek7Yl5JgticSczUGhvJSftiWizJsrnMtkT/NIBImZ6fO8DFQ9oPjY5kiiioU/C4a1VSOkRDDaDsQesYAePeMPUrGVKsDaRBVene8zDA/CR3xWvek8ygDbVyiAT8rA4IQUUBavC1YiodakugIWVjUIBCudP9O5g9zYadACOtFxNNCbiowcka2JIlUOmAumDNup03DeDcm65UiodTORZ2gU177HSAbH16YsmW0FAwIpAKIG5CRpE8xII73ieuOTmlcnRDyc1syKqp/prdTqYfGY+HlPQGZA6nuMSOEZ5TTu1NSCQwqPpII8tO0RBxGzNUKgYQ+km4P4t9+kGViZ3Jk4jldPLdiNz1k3Mwbm++Oa6KMUztIhmOnSCbDtPn1wc8Ej3eao1XXlLEKx21AfncROJ2a4YjwxqaaUNpLGRImTy6TMCbiNxfqI/lqOXMPqVuVdDBYF/iLcp3tpH9vUUrRKlaNJalqdliWkkm/f1i0j6jA7xKhoiZIGwHm3+LbdcT/BLCoWczqKiJuTN/oLD5Yl+KssoXUxHKLev64w60bKVmd5qJL1CTEADvAvvvJ/PAOvX1tCwJncgCPnYfriVxjO6m6kR336fIYj8OyPvSVGovuFUTqUfFp/qG4B37gxPRGOCWxga6bAsgv0dZDD5/mL+eJlKomlyG0FhADSeVQDpsLiYubQmxw8KFWiGQNytzk2KlF6wZFywiR27494fllre8Oj/AE6RqEq0CARq5TuYLWBUemKEBa4YMdW+5+d8T+CCKs7QMEs5w1GLVVLOrAaQRETaSQeYAK1hew6XMfhtErLvaTyzeTaIAud/Tv2xMtAmXGjUJVai7gwfKNvti0ZbPyuo73J+QH09MULJ5pgpN/i2PUGPpEj64JVuJhVBB5TEzvDg329cYuNFOVhP+JDKbid4+v8Ax8sB87mCGmSe/wA+2AtfiGlokSDIsRINxIIFrDEDOcSLjUNv6h9h1w1xi7BPOZoq3u9yeZSNmW5BHl9xBBgjFezqVNR1ow9RtO0eWJmQzJeaTARBZN+V/wCnSJhuo6wOoGOcujgbQoksCTAAiCPK4EwcaRjQmyPwjh/vqoQsFHc9egA7km2Nx4JlKWTpRTgFkQFjcwintDKCWJg9ZsMZhk8tQ0637QgsmskspLQwJQGFnkDExA5ipLimeqoiOp5qo0FCQFmnZhNlBh0Fo+G0zZTt6CzrxdxXVpR1VjrY6tiV5IgrcGV6zcDtaqVeIKaaJpYe7PLqIaBzwDCgnSzkgHbWZkQBJqUmqtA5QouzHlUhmJGogWg7novpIvMU5dgssGspj4r239OoB8hhwVILs5y51VFTURrYB3NzzG57kCZ7nBDjnCtFfMjojtBEATLk7WsUZYHX0wPJRjOpkYX+GQOovMwSZmDvi78X4dSq1c2jVwjPmmltOrk11mAGki5bvFwB2xTdAZ0BNhjutT0mDEjeOh7eoxb/ABB4cGWQPl3NSJWozKFZTLBCqydIdVLg3MA3GxAcHySVfeKbME1K02EEA6rbQ0z004dgQqeXZlZlUlVEsQJ0gmAWjYSQJPU44oNDA9jP0ucTqLvlqoO/ptURrHuCrC3zxOzOVo6+WV1Qy9mRuqg7NFik7g6TsuAAdnEK01XoKtSPkKY/TEX+IY7mfXB7jnDHULIBBmHm0szsST/6QLG4BwIyeWLkqEZ9zK78oLHcXspMeWFdgO8K4q9GotRSZVp3ifI+WNHzHj2r7tHyyK43dWa6nsR1HmMUnjvCx/EVSpWnTVyJiAsbgACWv2ne8YgrUUwtJTYzJ+J4HNsYB7KJ9d5YmrL7W8eZ2uv8jSjbFWFx5qxOk+rBdoAJxYuHcZqZTI1DWrVK1asQKju3+kG1AKAZ07/edoxleSy4NcLVLwjkPz/CqT7wgi8AA9psMF+IeKWr0gmkUqSE/wApeoYBVDNEty2EwBp2JjEu2GiucRzLu2hjyqbW+EXNjc9dpI2iwGOqWcd9NMR7sGAHg773PU9h5dpwSfLU1/1kD03hkanZ9JO408hAgghokgwR8WJlPgsVVanVp5gCophbaBI0q6H4CSSpEkeZOw3gZpOTVQCyEmN9C2BaAwIHxHTqEbG2wBOOKqNBBQLTAFmkCBB0cp302kf7SbwDgZ/FVA3IrNBJlUYBjsRKTCwIG4Nyd7S2BSmGWaRBMhvgMvqN+0WBvYDtjz2h0TlqIrCSGXTyqI5h0DL2jaOs+WDWUp0YIKbMQIJ2G0aREDYeQGK0cwWWXvbVbdbbco0kR5AmJtiezqAumo4XSICvAAFouD26WG3STmNVRkWbplKoipTLmZhOSmOnMy83qF6SCcRXUNqSoND07AH7hv8AdG87xtIEYWFj046MUWvwVnzQqc2ogoAG6eVhsO074n+O87UdQoUybgDeN/n/AJwsLEN00CbM2zNNoEg3Gr5TiXwyhodWcMJuIWTpIBJHcQ488LCxr8LLRn8pLU2eqinShGokL7xQok2LaBKk2k6V7zg3n64anWquco5CAe8pLWp+9DGCG0KqVZheZLwINowsLEfBSAPiKlNLL1FfL1HJbStDUvxQBCwHeNJGqZE7YgZjOMtMuxp06gIBCKCxnaYYFDAblmRFwJwsLDA64bX1mpCllBJPKo7wRcloBvE2k47zdBtTrpZtJIHw/hFgdweh7GesRhYWJexXkq+ZrtrY/im5NzbzxwsNG87RO/oTsf74WFjUsJ0qKM6JBRmAIZOkwZIY3gzJ1D4TbB7+BKt71kZnpkBlpiSZ+G2yrfmb5AiZwsLEsRLq8JZ3VwoVuq30OpAXSRINHliJ5e2nrxm6Z9yqBNKrHUjmLFWBmZBZaa36VDvAwsLGXZ2AC4hRaopqaQlwPi5GA7zEMO5/XEPLUxTOvWCbwFEydjBMbAzIBwsLGi0Se+5Uv1VHUqCZMHoCQNwRERcAbSCD3Eqlcitmyo5qc6k+EmtUIJsZHKSADcauhnHmFhvaKIuW47TbMOGBp5epSSiBAYotJVFJrwNQZAx6Elu849yiUaAqpVcTVQghEP8ALBiIZwCDJgrBkWN8LCw2BBWrTT+XEruFczM/ipvGkH1UAxB8iS5E1qJplV95TmpSIGn3lFrOPURPlpIvqGFhYHoGSf4YtlSyMFPvRSlySKxCAqsNIKli4HQHTMQDgbwygoLmPdsrqrAnll1qrykiRM2DEX3MCywsJaGP5+uzlmZF958WqzFl6shI0NHkCCOoMzFy2WqVatNmcvp597e7p8zMAbIABEWk2GFhYYiTkq1NkLOOerAckSBBuDBQqWOgzJHKLGcTKvDmFKVpKQ6jS9MIVYlhAioPeK1wYYi1oO+FhYhggtQydJwqmr7xy5XVuKQEBVQMvu1ZbGZk9DGGqlD+DYNZ2qPoRwVGiiJDPYA6ywhQZH8tj2x7hYyTbKWiZRZ+V3aWRYglbrFnkxKknVpsRbpABernFFIAuzh4LMl7hiGAFMyNJC8o2je4wsLGTD4Q0qIxhlCsqlm94HBAX/uGlhMgQfUTj3iLMHgK8AAfEq7CPhe49P1nHuFjJpAf/9k='),(7,'2022-07-05','Amateur',2,6,'data:image/jpeg;base64,/9j/4AAQSkZJRgABAQAAAQABAAD/2wCEAAoHCBYVFRgWFRYYGRgYGhgYGhoYGBgYGhoaGBoZGRgYGhgcIS4lHB4rIRoYJjgmKy8xNTU1GiQ7QDs0Py40NTEBDAwMEA8QHhISHDQhJCE0NDQ0NDQ0NDQ0NDQ0NDQ0NDQ0NDQ0NDE0NDQ0NDQxNDE0NDQ0NDQ0NDQ0NDQ0ND80Mf/AABEIALUBFwMBIgACEQEDEQH/xAAbAAACAwEBAQAAAAAAAAAAAAADBAACBQEGB//EADkQAAIBAgQEBAUDAgUFAQAAAAECAAMRBBIhMQVBUWEGInGBEzKRocGx0fBS4RRCYnKSB4KiwvEk/8QAGQEBAQEBAQEAAAAAAAAAAAAAAAECAwQF/8QAIBEBAQEBAAMBAQEAAwAAAAAAAAERAgMSITFRQRMiMv/aAAwDAQACEQMRAD8AzFllU3lecuHnynsEbSLsYRnvKskUWWRYHPaQVZNB2MpnlPiypF4tUdXls14MLLoYg6UEgWXAkUyormllqWlap6QaqTJoaD3g2JnEQidqvlRidgCb+glUM1Zz4k8GnGaiVfM5ID+boRfzWH1nsMFj0qKzKGGUXIZSpsQSD3Gk69eHrlzncp+wMUr4ce88rR464ctmut/lvYWN/rym9w3inxjohAG55X6A8zJ14uuZtOe5aKhZeUcovfedydpMk5tjGosqDAPT7xrA4KpU+QeUaF2NlB6XO57C57RLRU1AJRtZtUOE0k1qOXP9I8q/X5j/AOMY4hg0+GSiKttdBY2G/rpNetTXmxRhAgE7UYCDFUGZ+KuUBgqgAhQ4i9VtYpAqlPmIIVDe0ZzaQT2mVFSkWGsWrYIg3EZSpaEercTWRCHwzJHNJJMBibwToYRZ3NLQEXnc8uRKZJlXCRKsgnSk5aB1EhMstTcQhF5pGhwfCqyszANY2sSenYj+CFr4akTbKV7hj/7XneAHVkPMAj2mpiMEGS3rOnM2M2/WG/Df6HVuzeQ+xJy/UiI1UZGyspU9CLe/p3jtfBPTGZbtztfeC4XxkOchR3BNvhuhIB5kEfKe4kvOmhLrLpaP8W4eKdmS+Q8jrlPS/MazNQyWZ8qy6PMDxDVYqVU2te/f17ftN6mpPtE8XwpKgK+Yc9Db6zPtnUdJzseG8M8P+LXGb5U8xvrexsB9dfYz33wwNLRLB8CFBrqxXNa4FzcLsDe4vqY09FvMC5JuNFOtvX+bTp5PLOutY58V5j5e1A5rHrb957rw/VAQUyLWFx3HOEPAaZbNl111O5Pt7RmlggpBtr+naXy+edSQ58WaaLASA3Nhz6c5wJeavBcCS4e3lRgR3Ya/b9py5ml+OjBJRANQB3IvlPyL62+c9tvWCq8XztkVtdgq20HQAaKPSU8RY9grC9htfnfla1/vEfDPD0p+dtXfU31t2nf1knxiX+vQ8PwDXu97d4zxZrUX7Lb66RnDgtM7xNUCUgul2YadhFyc1P2vJu5MWYkRpDCmmDPPjqzGrsdpdHY8o22GtqIWjTiRNZ5zSwPWNVqJvAPRMYaEasiVJX4N5WpTyyKIalpIAAySjTBtCAxYHWGQmUHSR1lkMJGIWFMmcajG1MtaPU1nrSMYVSIYCWYxgvgq+Rw3Qz1hW4uNjqD6zxgE9N4dxYdPhsfMtyvcdJ04v3KzXMUhG2s8lxHidOnUIzFH5gZrN0DBQbz39agZ5rxLw3OhdKC1HXo2R7f6SPm9J1xnTfDaq1aa3senv2PYmExPhsEF6bhbalGvyFyQfxPm2D8UPRYo6uLHUMSGX2InvuE8VNdUyNnRybkcgBfXobi0nfOfbCUD4FrWN9AbjS99f2gHfRtxcW+xv+t5qYzDugJAFz326DbbeYDI5vc3JvfmNTrqdjPJZ9emX4q/nzG9gBYWvzte3XcRKvddbH1vcd7/AM5zRq4MkBQSLENy10/e/wBYGqhYgW23vsOplF3xYAC2GYWYi9iRrmK9dgf/AJH6lMEXGoPTlMyphC4J5jbTYaft9pfCJUzZc5t6Db6byWLKew6KrhiM2UrfMNGW/wB9freb3EuIolMBAq6BQBYAb3sOVt4NcMmXz3JsNbC9+W+m88b46pvRorkYnO+VSAdiPk7Np7gG07+GffVx8n9Kcex6VLqjISOZA8v/AHEWH6z0XhLg4ppnNRajPbVDmUdgTuZieHfA5YLUxLE7EU82/wDvO9uwn0ajTVFAAAAFgAAALaaDlPRZPyOUomGpECeX8Q1Q72GyeX35n+dJs8U4oEUqurnTT/KOvrPNXvvOPk6+Y1zC6URDfDEsFkacm1ZCJR3AlfjiNBSYNgCJZSDIqyoSqUTKLRJ3mg1jKNpJhpU4W0kaOonJcNK0aR3jIIElPacKTN+KsHl80GFlS0mmDqZ3NAK8jVY0wYvOq0UapKfGIjTGjecp1SrAqbEG4MVSoTIH1j2MexwXHVcWqeVuvI/tNMWYciPrPBB4WhxB0+Vj6cvpOnPlz9S8/wAbXHuB4fEKfiICQNGGjD3neC8DGDoLSpkkklmY6Zi2tuwAsPYmZI4kWIz7XF7dOcJxb/qMlJggRgQSAwVSltjpmBI7zpvvPWM/+btbbOTdWFueo6bjsZ5vFVBTqZdN9LcjzEvhPGArIWKXI5jY2FxvqD+8z/hVGYO+5/Vjr6cp5++fX47c3frYp+YDnrLOvK1uv7S/D6dkHSHZL3kaYeKxQUlRoTz7wnhzEKzakZiCfW1/2gOJUBnvy/n894mOHEKGRwp3Hbn+33ln6X8e5w6odXcDmTcAAka29B+pnKiUymjgknyAi4up8tm2B5X7958p8T8QqK2XMdLaHuCb2O+0r4VWtVcuXayHQkkkk8teWn6T08+Oc8+zzXq24+jYfiIABO/7yuO4wzjKgyjrfX+0ymeVYzne7WpzBc/WSCEuXnPWorrOPXA9ZVnMAU11hS1esxOkGVbnNFaYO0jpJiaFhKvWMPWmbVBG0LhlLbywHVjLgmXSjadZZqRFUkkWSBZFIlikvadmWgDKvrDmneXWmJMTSKiECAw70ZxKdpMUo6Wg2SaGS8hoS4EUa0JcS70IHJJQys7eBomMFJAIjWZnHOEirTJAJdQzLbUm2pUDncX06zWymXRSCCDYjUTfHV5ssTqbGb/098PsUevVLKjeVFN/MAb5rHcdPQ9ZvtUUOBe4LcuVozg6jOGVQFAF2tfcnl0GhiuJpa2tbVc3a5H7/ab8vXtdXxzPjSLqPKPf+0E7g+kBiEbLmttsBfYfaZtDFlmyqNCL9SB109ROeVvZDVdlVWJGhvbXfoP50mbgMRY3ZRoxAv0JP4mpXpjLcm627G2+vY89ZlYBSEzNrYkfe28fi/onizhSYumHWy1F2Yag9VYjl+hgeEYEUKSpe5FyT1JJP5tHcfZLIg1BBJ5a2vpzNovRe5nXryW8+rjOZOtEKTjLDZhF6tYCctXEd7CVpmL/ABcxjVNJJ9VZ302gFXMZet0l6C2mk0Silpci8k4TKKvSEWemRqI2TOoOsqEhiraGWSoCZzFYYE3EUNMrtIrRJkmZ8dpI0xsSTpEgk0dvOgypnAZoEzSpM5JAuhhVEWJl0eQFZBBthxCCXEYEWw9oZBGSIM05PU1QpAOxjQacZAYwcwmKyX6MpU++33mi6K65lPmdRcf7dDb6SYHw/iHXMtIlf9RVQw7BiLgwnCcA1Go61ENkBNMEanNuCPYfWb9OpPsObtyMi1WqWZGqIh8qq6kLe1hkJA0015TK4d4erKXLVBa9iFUi+p2PS5+09bxLiIvkK5HIvra9uoMRw7razEG/t9xMe1myOt4y/wDb9ZmG4fVpOUSi7I9g1VmDaCx2B09O8ZCCgAjKSS1tbczv95upxbD0h53APTc/QTzHGeKpXqXphiQCBe6i+14+saWTGGvUqaeVbC/e9h9gYVUy7weFoBEULuWYk9bWB9r3+kriah2jpF69fpEijMdYxRpXjPwLzOAFCmBGPiyop5ZGo3jKmupqYUmDSnaEUTciO3MraFteVtGKHY3nS8s/aLuhMAruIpUqSwpGT4BJ1j6ABxJHBhpIw04onDKo045mbVXLSCBV5cOInSYJOTitL5I9lxRhOLOFpcGPZMXVoSMcM4XVxDWprcXsWOir6n8DWe84P4Yp0bM3nfqR5R/tX8m868ePrr8Z67nLzHCPDlWtZmGROpGpH+lfyfvPYYDgdGkPKgJ/qbzMfrt7TWtOz18+Lnl573azcTwehUHnpIe4UKf+QsZm4XwvSpuXF2t8qvZlU9e/vPREwbvHXPJLQaeIYEBwNdmGxPTtMvxTSvRZ1+ZFLC25A1I+l/pCcVxYVCTvcW9b6TD41xwBGQG5YMtvW4mOvJLLzXTx+3PU65/x8z8R4eoXHxSw3KlL2Hvv+kyqKsTlatVI6Dc+pntOKOjIAx3A9Rbv+Z5urmXZxbqbfrPNufI9PXkvku9fobVPhjyoFPVjdzNLhtIZcxHmYXmI9Vb3LZz21H12m5wuvdRmstzYE6A6XA9rRJ/WKthq4csv9ORV9QHLH3N/oI0uFBinhoD4uVhcMD7Eag/cj3mgz5SR0NpL/RT4OXaS8szXiztOf+qu2s6hgw0l5dTBCJZVgi5kpVLmX2MMKJxlnbyZpdMCVTedqNaWYwdry6mCLJpA1KloJahMexhu8kDe8kugKVraGEOJE42FvLU8HOWNF3qEwIrkdZrjCi0XfCiMCn+LjNLEki0G2DE1eA8HOIqBAbD5mb+lR+eUTnbibjPo0ndwqKWY7BRcn2E9zwPwTs+JPf4anT/vYb+g+pnpuFcKo4dctNQCd2OrN6n8bTTBnr8fg5n2/XHvyW/ilGiqgKqhQNgAAB7CFnLyjPPVsjiuTBM8o7xGvWJvblOXXbfHOjYjFZYsMZmF/YzNw+MLFydxp9Ilh8SWqOosNAbet7zherXpnhmFfFGOYZQhtfUn0nl3U7zS4m5ZyDuukSAnHr7STPjO4jSYIr8mzD6HnEsLXDHI3PbXTnpN2o6Ovwn0vdkbo21v51mcvBGV7lswGumms1AI8Kpr5zoBra+mg+w2iLVzWcBR5bhUHrzm5xPh7Olge5HW2w+spwnhhp3dvmtYDfL3vzlA+EoP8S+X5EDW7knL+CYRKwfzcmLEf8jCLgPg0qrhiWZTytoL2+5mZQqWRfVh7dZnr8Vou0Ve4hcO14XE0dJzwJo8Ohi9rToqTOqdQiVq2G0UWrrGl1mtZxRHJkzkQhFpx7GFV+MDBu55S2QCdyc5oDVCd4wlOUFQCVOKEBkU5Ig+Mkl1GlThQwgkW0swkUUG84ySiPDAyfoCUnpvBqZBVbmco9hc/mefM2fC+JAd0P8AmAI9t/1m+flZ6+x6VcQ9949hsZfQ7xMUNINgQZ0ntz9c7lbvxIF6sTSvpFMTjLc5vryfGJyaxOKCgmZmJrkLv3mTjeJZnVAf9R9BFMbxtMrKb3t95x99r1ePjJpzgWJzI7c2dv1t+JXAa1qpvsFH6zHw2KNNFCnWwv6xjh2Kyo7ufnN/pp+InTreQMcbO3S8VLXhazA6jnr9YHJMVxv6S4pT8oYcj9j/AAQPB7sxYscq6BdbXmth6auwRtmvflsCfxFeJ5MOoWmNTewNyBfc95rn803/AAjxLjpRyqWIG9778xB0uPuRfIB7nv8A2mR8G5udTfnOuw0VRfpbW80Y9DwTiTVqzB/lKMoHLW1/tOvgGQZDYglmU9bZb+kLw3CjDUmqP85FyOnRfWEwVVsSiuAMyO2YdVK626m1pKlBo08sYcZhBM8NhqgBmPgTegb2lHo2mhWqi8TqPmMzZFLqojCNaVdLCL5yIDhN5zLAJUhDUgWy6yztYQWaUqvLBVxeW/wktQXnCM8qF/8ABiSMl5IDSteWIgaUYEmqCUtCKZZhBzKiXko1ijq43U3/AHEFmlwLzWs4+g0a6VLOjAjQixG3QjkZKhZjtpPA0K702zIbH7H1E108StazLr2nT/kn+selegxFXKN55TjHGQt7a9O5g8Zxdn0GgmVxABxbmJztvTpxz/VMNinuznVm+w5ASJSZ21Gg1P7SuF0FvWN0cQqnUycx6c+JWU3C8jOYqofKi7Df05mXrYpWcZeUXNS5YgjUADv6TRXXxQEJRrgyj4MGCNAptH15rdouLUhSwJBFtQbHcDeAoucQmR/nTZ9NeWt/a8lWsSjA9P01iGAW9ZBra/Ltra3TSa5ouOA1SbF1C9dSbf7f7zWpYehhBc2LnmRdj6DkIr4gxzoVRLjS5IuCb6W/WefeoWN2Nz1J1mhp8a4mawsAQg1sdyesZ4TimoYfPbV38oPQCxP2Mwne4sOnT+d5tcVT/wDNhwug037Jp+ZCmb3APUXlC5gsM90Ha4/P5jGTnOV/RQ6ywW0gkRrmRXCZUpeHKXlMlpcQIUZx6BhmM6jzQWNMiVVCTrG3qC0CGgFvykCQRnM5jUFaSBJMkBkPYwyvCLTB3hlpCTFDQyOIRkkIksWUApeUsRGDKMLwBB5SoZ1qes46SIElSXrJcAyiU9QALkmw9ZoPSyeU9N5Y6cfrNZDaL5svIn2j9QgA7RDEPYfpaHakalQ6/oPzC4BSXzHZR9zK06RYhQNT15dzN3DYRVXKPc9T1hy66+BLijGFcEQVWiBFc5BjXI5kEUxPDXo4hXQFqZYG41K5uR+u8LSrXi9fj7ochAIUkDTWwuB+PpN80J+Ka4DrlGuXX66a8+cw1LE9PWezpV6eJU3XVeRIut+YPT9pbCcOpU8w+bNp5rHTp/Ok3oy8LwFvKWtY2J626R7HuXpVUtb4ZXJpbRVF/wBT9ZqPZVLubKOszE4zTdghBGfQ3AtrpvIKYBV+AjW8zM59QuVfzCudIXGoiCnTT/IDcX5OLi/e6RV9Zjr5UgfOFBAg2E6UmGhFqTqtFxeEV7S6gwlGSdzyF5ocVZxkEo9SVRiYBcso1K0uGlry4hczsO6zsYaOjQyGSSZhRZWSSKsScadkkUq85JJIHOEUAzkn/KNPeW4gvPqZJJr/AB18bAxK3aDpre/aSSP8b6auAoDIDzYAk/iGbSSSK89/S7NrOVKQkkkiUsdNpk8QQFjcX1PqNes7JNcjW4VhlWgWF7+djckgkaC49LfSecaux5nS5Gp0vvOyToGauOqMgVmJA5ExfDLeondx9iJJJIHqFQ/FJJuSx1PZhNHNaSSc+gMteMU5JJBx4Mm8kkA6S7UxackmgmRcxgCSSSCyztQySTcQNmnZJJB//9k='),(8,'2023-04-01','Professional',6,7,'data:image/jpeg;base64,/9j/4AAQSkZJRgABAQAAAQABAAD/2wCEAAoHCBUTFBcUFRUXGBcYGRgaGhoZGRwXGBkaHRoZHCAZGhkaICwjGhwoIBgaJDUkKC0vMjIyGSI4PTgxPCwxMi8BCwsLDw4PHBERHTEoIygxMTExMTExMTExMTExMTExMTExMTExMTExMTExMTExMTExMTExMTExMTExMTExMTExMf/AABEIAKgBLAMBIgACEQEDEQH/xAAbAAACAwEBAQAAAAAAAAAAAAAEBQIDBgABB//EAEIQAAICAAUBBgMFBgUDAwUBAAECAxEABBIhMUEFEyJRYXEygZEGQlJioRQjcrHB8DOCktHxFWPhc6LCFlODk/IH/8QAFwEAAwEAAAAAAAAAAAAAAAAAAAECA//EACURAAMBAAMBAAEDBQEAAAAAAAABEQISITFBUQOh4WFxgcHRIv/aAAwDAQACEQMRAD8AzYGLEQY804mgxRlS9BiYxBDi5Uw2ByjE1XHKmJ6cIRNUxNVGK1BxIKcPoZbXljxVPXElGLIiQQQAaPDDUCPLf/nyrnDAiZKxdlpyrBh6ggjUpB5DDqP+emLDHHI1xhl80+Kj1AN7it/P33rj3ZAXvNB20sK2J42bZlNEeV/hsnCSo4wtskHBdFNCrVWt1vggMKdDvRBB45x7BlVK0ZFKndSbVlPseQeDRO46HFU08saLIBqFHVGASHW/F3fXceKubvawcRVxmInZSHZKYqSKcV4JVPPiA0tXUA9CCSelShGUy4OruwI5IyTJCbKkgD94vVbG9g80fELx2fiikjWSvDJpVwNqJNLIpHAJo30I5HSGWzzssWYj3207eErIorTp3tW4AvawNxVe6I5hcWnupLpCSAkhsun5Vc6124130AxNnpTzfANQhYtJtJEQrjgtEynxnbyF2PIGgePe2fs2JgSrATRGmLGkliItWJHwmioDdNgboEGdq5Impd+9gKMwNAyQk+OwPvCnNeYkFEViWWzyxyRhh+7GvLuTv8JtA19NBc+5PkMTqNVDS+GQj7KdZEkUkOSrRy14yyg3qA5YEMGX7y394LffajsgOv7THHokJqeJeA50/vUrlX1A7fiDdWrRZUUjQC9cUrBOt6laROl7hAAQfvMOcWZslpcs+2iSNQC3kwK0a266SPNiOu5rNYJnzY5BgusbigRV3W97flIIP14xONSADvR49fbG9m7OWIhSoAEgkV/IE06nyojxX1j8iMLe1Ps/p1GP/CbUyAn/AApFPjiPktWQfJfyk4jWfIUtGQmlGPcsgO+JnKltW26/EOo56fI+2JCIx6T0Ybe45HuP6g9cLi4VUSahgbMkgbYLdL3xGSK1xIwTK+IYmyUcdlU0nF0h3wANOw2Iasam8ZHsp9LC8a6NgwBGNseGH6np5jqxOsdjRGZU4wO4wWwxS64GNFBXA0iYKOKnGCDAXXEKwW6Yq0YQHghDcYl+zkcjC3KZpk54w4TPq4w0hNFaxjF4THkKhuMX92RhdihBUx7iQGPCuBjhKOsWLV3V+nn9MUquDcrAGBO9ivoeo/r7j2wggVJk1ZO8itkHxr9+M/8AyHrgYOFbTRbYg+Y6ghbs7b7b0D64lJmDl38Wvuinj07kAjZ1I5HUHrpPXiZlikCRySWsn+DmATYYcI5u9j0uxfOKvH0pZorzBlEmqJwpADLuDHIOhWTi7FUfX1GI9p59ZF10EU7TxG/Ax27xK4JP/BsgktnxDJ3cqFNyZAm8ci7/AL6PbwsKBIGxo2LBwxzfZUcm8eli6XtemWM1uu9kcBl5WlZTtRXNXsvi0IB2g0EWiTxxKVaN1JIUGip1fhYg8G1ZR1Ckn9o5ah+25Vt1UGVBVOjcyLXCkg6hwCNQrfCNy+Samt4C1Mp8QAblJF44NgjnkdRhzlw8L93CbKL3kQI+OFvuk8GvhJ60pN6WudflDX9SAl7lXdQWy8/72Mg7RTRjWyXyAQpNc6Sw5BAKzDBO9mgGqOVUmRB92Vd3VfLWmsV0r1XAX2azCF3y7ioJQzoo5Smtgt/DJE3irpdb3iDr+xy6Wa4gSrqooRoShWaIfhDU4H3RtvpJGdrhXw0UXaccrRTXcUyd1JXxKxohh718mTzJwFm5AhnyzqDKFjlU1tIIiAJAfJ4iikdKfqMLHyxiuMFe7lc92d9McoYF4j+TUNa+au49cV9qZ1sxA0gGnMZItY6mIkh1Y8eE0fkx64MqeeA2PcgNTq17SxNGGN2s0Z76K/Wi59QvqQLMqokgfK0O8S5YCdhervUF9FI7tT5EYl2JmY3fuSQDKmpdtJ1Ia2/Op0kXz41OAc0ndiJX+MMcuxHwmwWVwfI0SR1tuqCmnW0JqBkOW/au9RCaJ7xV4IY6wV32GrQQRxYHU4AyEpCkSW0bVGxo2pH+HKL4YUyte4qjwTiEvaEkOaLMCo11Ko20s9eP2LKWB/EzC9saDNSxuNbACOVtEpA3jmGyyAfhcLR9VHUjFPU9IWb4I17G1RiVQNcYIcLxIottQB++ALAPNEHdSSnh7JVj3bSKIpQHjN2YmN6TfUBrUjqN+uNfk0ZVkRiFkX/FUHYjY97H5g2r16n8RwmlhcRtHoWkYFXvhCQCL6i2RrPRg3UjDxpaqYtZa7RkWyMkbPG608Zpl59QQeqkbg9dvMY9lgZVRyPBICVboaqx7i/1B4OPped7ISSON1suIzovY1Y1KT+Vqb0I22JrMZGONleGQaYZStH/AOzNRKyqOgbcEe4PXEcU1UWtOmOmWt8DF98PpuyXDyxMKlRWKgcMVI+oK2QfbCNYSOQRwfkRYP0OIjXZdobD0Ixquy2OnfGTyvxAY2WRSkGK/TdZO0X6sdqxIJjzRjZGMPLxBhiwLjxhh0UBmTEWTBGOrBRgTpinTgyUYo04IBmwdsTjNYXR5nBCS4w5GvEbZTMFTzhqnaArfGUbMVjpO0NtsaLZPA1ZzqeeI97YsXjFwSO7ckY13ZWY7ogtunDitQKnY2vXzw+VB4hdls+ym1O/FEWCOoI8sNIZ8vPSJIYJdqBsRuegDb6TfFXxxyMTz+ViVGZKIAskblRyG6lozyGAsdb6JZoBqCn92ZAALFodXBB+F0O1Am9+hoFzqpgvw0MRDJGzRyEqygkFlsBCdySppoiQDqXdSegG6LN5WTLahJEHjYgyILIFnaRSK0tQO42PuCuD8xJIkSjMo8bKD3cymwwujG+o+E7fC9HevUU5btKREQOBPEoIvh9BNMvmRsDpPltZ3VPVKkIz5rvI49u+ijtgVJ72JbFvG3xELtYNkdbBDYvzrywd0sci0dLwSAfu5D+EEbIzA/CepPoRVmckMrIJcuxMUhBQqQ1MRYVWvZtP3G+KjW/NcGe7xHy0gXupT+6YWESSz4QeYiWB9iCPMDNu+eFr9xv2hnVz+WMsYVZ47jliYWGU8o49xseQa88Kuw8zJM0canu5obMJc7NstxM/4WFDVvvobezdLxvTzwhlzEQK5iM/fTgMwB+IbeMeYPG+LOxc1DOjIQIpJCSkq/HHMuxUj8FeLR+Y10Cp/wDlMPWWrPbu6roBepEJ0tFIdgb+7uaDcUR0U2zTs982FBKpOqhkFUksfFoL2DC43jPBqjQFpppJIZO9lRJCU7udQbR0bTbq3pswPkxrYKcGwTUBlwzKVuTLSkEtfJQ86ttmX7wphRqk+XqBT6RkQy5Yoj6JYiQ4s6gsZ8EhXksg8JIB8N3xpxT2dmZDIMyEDHQY81EBepAKZwvUhdBocqQw5NGmf9s0TxgRZxN2WwFnUclW4EgN0etkNsbwVl5Y5tMmWKwZtD8DApHKRzHIvMT3ddAb6XhcuoEdEUeXHeCFXJ0kvlJQSbpb7pyN7KjY7nYHfTh9nMy2dhaMKBnIgrFPh7+P4lZb4ksEg9DqHW8LnyuuVpI4yjD/AB8tQDxspvvYh6GmBFjnoRg/soxyysoIZ1BdGX93IjHnutWxVuTE33gdtxT15foJLwt7HmGZj7yWRSEXu2aRaLRNVxygfCVNeLlSvkbxLM5UxyNDTGKWNdiQbAIAdD1dTpIrmgNiFuvtSRctKJJEHdy3HN4Sqmxsx/ATfwvtfB3Ng9mzy5VxBJU+SY/un3OgGwBqvVEwHN7bHpuJWq6hvMCM9nyp00GkjHgAv95GWNoD94fGB1BIHJFE98GgSQn91JqjLjhSVIJNcKyHXQ4II4Awo7Wy0itIw/eKLliZq1KwoNHIB+NRzwdIPTa7LZoKACaizSjUCP8ADlDA6yD13th5o5+8KTUjQ/aPkmY5VaPjVRMh82XaVfS1OqvM/LFecy5ppo1Bru5NHV0kFOvlr7xGI/NXnWEGczPdZJkDHXHKyHfxRtbjSfMFNYPQ6RhsnaCrFEDemVWiYdRtDMnzGpvmxxa0Q8hc8YkVJ42HeoCFOxEkZW9B9aDFT5AjkYz3bnZCtA00a0Iz3m3WKanr2RzIo8lQ4OSVe7iNbSRyrJRqwXZg/wDFqZiD5lvPFHZfaRijkSQF4hHJGQR03K7+TamFdNQw35AndM12XHb42scOwwsfs4JqcGzWXPv3i0b89xfzw0gltRisJfCdOkymI1iTPip5qxoyIeSXgdmOPVzFnFpo4QQpQ4mVxOgMB5rNhBhhC5kxX3eBoe0A2Le9w6EPnUkEi8jHsUrA9caabL6z8JxQ3ZZ6DGTyiqL18QxYMvi85BgeMXxREdMMqgsUZTcAfMAj6HD/ACEUU6ApIYplG6sCY3I/AfiU+lnEcnllYjX4V6sosr66fvD6YcRZGNaDAPHJss0TAWTxYIIQ871X5gcV54yfoK7BWQxtG2wDR94IpN+dFHSbo7rsfK+SMtkEkWRMs4YEBWjk8E0RBsbNzX5a4G2Be0+x0RWVZY5RyUlQRyp6h1JSz5nSDXJ4KsZtkAjeMErfdvXdzICeFY7ONvhB61WFp3tFLrpjNc/mIo5RInexg6JQKIA4JeNr7thzYtNsJ1yhBaTJsDXxwuaLA/gDG/8ALdjlS1jGhyCNu8jGddO4jJGYjvc+E+L/ACHvFPphT2t9nxp/aMo/fRb6gu0ib72m9eq0RfIXGS0uXRTXRR2Fn2RZCIzJEbE8DbnSDvJGObU3dcEXtgr7QZdEEWYhIeKQBbJ8D/llI+GTjx7fCD02S5GVZJLkdophTRSj4XI2Ak59Kbfys8Y2XZzJnI5I0CxTEETQnaKUjfvIT9x+DQ24PXUw1HUFqjFc8kuVkhzIYMjgIJD6gfuZqB38m4Pzwrz2UDSNNlgBZDNEfCdjfhI4ZbAoeYINFRhlkXqSXJZyQRlrW3XVHIL+I1srg1uAN7uibwrdZMnK0cpB2KpKDqjlFVof+JTV873uDZJA5Uf9l5uGZgZmKox0d4PhJJ+CTfw6tR2PBYsvLXRL2acnJ+zax3THVCz+JA4ohCVoq1Hkb8EWNSgFs3oaOeNVjZlAcE64pU+E96DdNd2eCTRANE6LMZeLNKsYY5ebSCsbHYj/ALbNYoXtuV3I4xHKTvocoC3Z0csupGWN5CC0ZvQ0vBkidSNz95Rua+HrgDtPsnNQSGUI0hHxAkHWPxRSDaQ0N1PiFbg49XJzpJ3TipbscqGI4fSLKN5smtdhYw8yP2keRjDIe7mA31KGVwPxqPDIu3xgj5VWHpuT0SnwWxduCVBIHZZoQakAqWLyEiHd4jfiG9He12OBppEz0gYD9mzwW1KAmKcruTQ5sDZl3vYg7Yazvl2mXvou5lAJFEmGQEDxxSga4/5b7qdsBZjLSID+z6JAra+6bSJFPOuKRaRiOQRoYDYjpiE0n0VG12XQfaCVwcrmotbBNRUkDUg37yGUcit9rB9N8Ksz2hGkZC1pXajUci+VkDS3TjmthWCM/nI+0IDoJTNw3JRGjV+JgPuHbetrF73vmBOWtmoFiQVI3WQfGN+ATRo8aumLxH/wH0Nct9qNLIt+FQbAO5Fb6b2HmBwGVa624fLRyQW/h0yuzAbCJZk0Fl58He7jyEg/CbwEyEyKCPpY8t/TpjfZDQuX1sd0WWGdOpiBKiWvNHkRv4WH4cH6nUaFl0WdrS64Wk1C5kjMo/78NqSPLUsZb2JODBMwaLLsDby5OQNf44Qpr/ST/lwky8wMcidZI4HW9/Ekcit9UdgfUHFmfzz3lzfjTLoCPIo0yL86dcE+D6HP7arRl+C1qOpEaGF9XzPe/TEOz5y692V8ZO+2xF7ivp/ZwrjjBpQdi1g+QI0lfkS36YfZRh3asNm0lieuq9Ok+5/n6Ya9AIyGaJK3W7QKR6I2xA8vEv1xcklbgVqJbTxpUuQL+n8sAtJpceTCgeNLCiK9iBi0kd3qD6matXsoAQDzsSKfQV5YrDmoTtdUYa7xFlvA+WJI3wWVxs2jNZYMyAYgk1YJaMYFZBiaPiXNJgDNRhtrwQrDzxCRLwUfEDjy4XEziTxkDFGsYQcQ8sFHGJZd1PTFSpeCYoK6YSIIsyHpvjx8iCpK0CN7PHz9PXFwym94jmM0I9KsGViajdWA56b7f5TscUl2INyCBR+8ERU1RYkAGuO8UXH8wykcHA2b7OaFrWN0gk3crpmjU7eMqLVh5khD784Fl7by6I0bwSKfvMgMRB6sASUPnwAecJ5M3JGweDMlboqa7stxs8QG59QD79MFf0qD2XJog1Sxrmozw6MRIg/7bgiRR+Q6h6jE40ikiMeXzMcke57jNV4SeiTR0UHPQ++MzmO1JQ/fIjRSrWtohqjkPFyRgnc+oXFy5qPMlVeKFZWJIkCyQNq9dIK/6jjLVfZpmeDHM9mExrE8r5eVT+7EwDx+ghzMf3ePCbPpjP5hpoXYsxRydJlRzLE5/wC5XiRuDZphXTHmYbMQuElVWQ34W8UbeyoRZ9VGB5ncPcIIqgYn1Hb8NOt15BiRgSBsdRZT9qJjd1TMgajwYcwm1MHAGmQ/irfr1ofKu0IZSxDCmRjdoBdXR8UflIt6d+Bvi7KPAyqzowVQNcYenifa5YZOQb5RjRo1q2GNV2bHEI9LvHNGzFkdhpG/mV8UEvPjXwmtwCcN6S6FGzP56T9uj1uq649mOoB1PQs4+6RsHIrob2xbDKI4e4zkYmgOwkC1Nl2PAkRSCBZsMDpN3teDe1OwEWTvMlaS0S2XciNnFfHC16GPnpOk8EXhEnbUklwzxK/djRpoxzRDyUUH0kcqNY/KcLt/B9Fsv2fmAvKMs8V2F1gE9CAxoCStqOkkbeOjgyHMpKoysh0FaHdZgd20Z2pg9Bo2/hUjYcC8Q+z/AGXK3jy+YUgXfiUOv5HFaWIqjqCDyIOD+2lnMY/acusgSxrANqPOKVWIHqmvpwRsZ019jGkzzNxThBHmY3RVI7udf30SmviLR2Yx53t6VwtzXZc7lGzC60X4M1l27zR5N4P3iD5aRzWPMh9ppol+KUoANLlNLhelnSBIv+X6c4bZLMnMqJI5IUdjQdXOXlLfmUWj+zEn0xLes9xDi0CZbPyBdHe5fORAkmGSlevxROQFJ82GjqSOuBXgiD68lK+WzCeI5eYnSw/KzC6/T+eAvtDFmkctm8oJBdiaMHeupeMij81Hpg7s7tHKvGFt5VWyI5kMrI3/AG5oQJYjfUg/1wTxjvcEnbCRzN38CmKQLcsXBHRnjrwvH51W3nRoJ5hN4zQJCiU8gOopZh6kCj57+eGHaGfy4ZZImc6W8cMo0SA/iSUAW3SyNRHxauMLcwI6Zo3LIRw+mN148LKSVbp8Gxq6XF5JYuzGXYk0dSitTCjQJqyLurr29LGNZFnA0kkookxGWSI8PaCPMx+9Lr9SB5YQdju0biZdQ0ggsqiRQKorLH95GujuKvrgkRpKzTQkIzt/gkmwX57t2PiU2RzYJWxTWHpUSL8tAoXIvWoM8gYdWRZY1CV5/vHH+bAcJL6pNhajncLbE/8Ax/UY9hlki7pbP7p1kTyZHdH1C9/iQfPY7jE4UsNRo7gr6hl2/hq/mQMKQaDA+m9OxZ75BA3U/Oxv88F9nZ4UL6ncDyI/mP0vCCaTmjRO1MfKtvIcVzhjH2PIBYIV9OrTqvSDwvv/AFIHQ4ayFHQ8RA6NdHpe4v8Al/YwR2NDZaz4VFge9/y/oMUdguZGKuBY5APU2P64jnWaGRlF6X39L9fX/Y4OPYVQdy5lVXbCeTtQ71gZn25wK4vDgNjJM6x64tIc8YTwOVYeWHa5xQKrFgVpG3XBUcZxQ2dXHL2koHTEgeyhjhW8T3xhknaKucT75PLFEl0LHisFqzDpioORdjbHqNYsEYCAoI0i0F+R3IPspv5g4XJNE6tFmH0MpPxLr2qhvsfnsfMnBMk6/Cas+Zo/KyAfk14B7TUMqkSKzbDTMArV+SQ6WH1YYl6aLzlMEPaEOWtYzIurwsYpDTDnUFL+BvS29sOeyswjRhnGUnUiwHUJKPRzoUE+u3zwqhl7Pvu5u9ikX7/gBJJ2pkHl578Yvm7Ny2jVBPKzfd1vJIBfTSqbfLE602veys5SZDOdr5NTqERhfg0zrYHkGYgfIHnAiTdmSIe8eRJG6qHYc+lA+5QH1GK4481GSHEen/vFlH+UygEfLfBfZbs+pNeWRjvTymRPlqjPXyasZ9/krojku04oAw7xczFQGmnjI52IsnYeZI9MC5yTszNEU7xSHbxhVVeOpULp9eR9a8zX2fZQW7zIFifiRnLD/LoqvYYGgybqhDvC46jvAnTkRuin6MMWo3aS/wCxTPkMzkpAbdeqSKVdWH/puTrWid0JG/B4xfAhkKuU7rU1d5FawM/QOuktA11uFHPGGXYmdjiUxLmE0E7w5lS+Xby0SC+6b03HvhzDnMnG4JMkDc0sgkjsb6o5N63/ABC/KsN6RKTFXZyNMTlJHU7WmoLyODG4bQbHkyGvunEs3nFVly/aWWR9NBJlLI4HSjatf8JI8lrD/OwZTO2FeJpD95h3cn/7YrVz6NXywpzvZ7Rp3c/ehPuylDmox7mM6ox7MfXEPSvRaXQTF2VA4DQzjWAdBm8EqX075ADp/K6fPC+WPNxMxnMsTA0mYi0FGH4ZArWR/mB52wJkcrJHvAcpmEI0kRyAahf3opV0qfMqBxzhtH2DNIoaKRIGuzC5iliPHFSPSmhsAPbC+1/yFUiFOb7TjjAabLxuCQDNA0mVkY+cg8Nn3JxXF23lSDcSSJ/3lQyKD07yJWJX3YYfKnaUVq+Vy0inrFGGB/iVpE/QYXMkZYibKZOJvz5dlJPsjt9cCnlv+f8AQfsRjMJW8tLmYxXEcsbxfw6JJLI9kwscwh9Usx527zIXe/IdChHuDirP9kI7AifLRDyjZwoH5jKUUH0s4q/6dkI/8TN6/wAsStLfoCFVQf8AMcXlL4S3+QjtPO5R70BAxFd4kuYJPoYv3gr0LDCvLhL065HseELCpF+5fV8tOGwy+R+NIpjY8All7vWePCkduRf3joHO+KM3ENJJYan8KxQkiFTsSDIb7wjkhA/G7dMNddAxTlpEik1MK8gGeI+hDRAgN7gjBXas8c7iSNZAxFODoUFhtr1xqFJ6G41vEO8VQBEFfzYx2q+itKSW/i0r6DgYBzFKTub8hY/QHb+9hgftGvC9FG4MhFXW2rnmvw2eRvdnbc4m84HldCx8qOxA/p/XCvW17UPXr8sXBS1b2cDBBUjpJWyhuL8/LVfXjBsKF1Yya9Xi8Yk02GFEMHQ3uLBFH51QDZTbf/x8sHZDsmaY1GpPqTQwLX4E8/kadg5Vw1q9kk3xfQkjz45Pl9dxmMhBmowO8AkC6Q4HNcWOte/U4xS/ZLOodStF/qPn5VWCl7Pz6nURE5/CHK/TYA/M9ca51n6iNX4zu0OwpYj4qI6Fbr9d8Lly7DcY0CfamfLoRLFInqy6lG/Rha/XFE/acOZ0GPTG2sGTxhbQgjUhOxIJBK9RxvinnL8ZK1r6hBOj+WKHZx541hywdbXxCyAfOtr2wIeyyTuMQVRBHfXHjqTtvhvmOzSuK1y97Vgg+SFkSEYvtvM4nPlWB2xfHAawC5GrHi4XFSRqT4gPMWOD5+mCI7AoYsjgvc8/ywyAaLMsxK99EPIMI2PzDDcYoly7orAHItHyylFS/UkEi8MMrA4LFya4AOkj3+Ab4C7SyBcN44lW9yVQNselR2dxjPaRrhirszMsj6o0iiRSL/fxKlHc6U7txdE4fZrtGacacsV2++rK31pAP0xjszkGZj3PfSyHkouj23HA55rDhsrmmCxAzFRtp1LM3zAND/VjNu9lpJMawTzMNOZillZeDHBF+rsRR+WFuezeTB8UeYVhtTTQxAH1KMNP1xRmPsuY1LNK8ZPIaVIgfdUJv5kYzSkiT92zSup4iQGvdirfq2FmP6PVXwZS5TKSIzhoo/4pnkkb2UbN73hFHk7YrGZ3voqav/aScPpsyyuAYkLHbu3JzDNtzoAB29q3GDWzZRNckMcP4QUhhB/y6HkJ+mKT4qolqgnZsWgr3gnTzqCQhfcKoBG3O/th2kkbJpaPLZoXyrdzKB+dQEBPyxm//qAuxL5dTGOdMssRrzGk7exGKXkyMpuMZpGvenaQD2arHzxUevRdLwbyZrJRyB6lio1pZgSvrG25T30n3w2ijeTQ8M8rIx3IljLgedgNfsyDCrKR5VVLftGboDxB4VlUf61OF8v/AE4OXV9d9O6ljb/Ur7fIYhpN/wAFJxDjtL7LpJIWTNwtJ1SXug9/xI6kH5DATdm9oxEiOJCh5VSJ1PsDqIwqzGey4vu4nDnYEZiUn5qy8fPFeV7bdBQQ31vMTRr7kCQDD4trsVQzk7LzA/eNkpVHXuyYh76CB+gwOHyR/wAVWJ82leRh/wDjjUD/AN+B83m3lCl+7I8kkavmWZy3yrFJlIUosUSnzClmrzLOSfqa9MNZbXYqc+QgP7yORo0v4pFWzXSONWYn/Vt1rEFnF6MvGb31Sy6S/rQPgjT2+ZxCJUBthqO1IPh9C7LyPyoB6+WOnmI4NOdrAANbbKBtGvtuf0xXnQvRjl83HD4vBLKTvLKC0aHjWiHxSsK2LcV4VrfEJv3jG2fT9+SStbgblQvwol/cF3sSemOyWSVUaaTc8KD1Y1+g5+XtgXNnUzEbLuoHpY3/AE/XEPVfRazF2RkfXYQUPPlj/sP9/O8WRZBQLPoPrizJr4SvXp8//wCf1OL5JFUbizwB64zei1kqTKRqoZuvpuNz/sf0wSM1FHdR2a26b7YWTTlzXRR/Kv63iWZSrI9q9D/sd/ngl9CzwZdiQNmpN6C+XHSv/OPpGVgSNQqgL6Dzxnfsp2aUiDEUW3HthybLb8DG+M9GG9VjAyjHgI64FeVVFnEhMrCwcWQElFOFWY+zOUkfW0a3twSoNVWpVIB464KLY5nrbCgWFgyiqAFAocACgPljx8jdViiKVvli/wDa6wiiiXs354Em7NF7DDYZgnHftC9ecFCCF+zaxQcph+7qwvFGpMFFAZpwo1FhQ/XEEmksaRYPXHsa3Vx2OPb3wWiUPKvLGkETR7FgHyxJIlHTc+gx6I9xR9/XHOhuxVjjBAp42Ri07RhieQKDN6FiR+pwgn7BcPrj1JZ+FpmkVR/6YYaj6bjDxoVYjVZ52PH/AJxHLqIwREioPxng/mobsfcjEaVKThne0splsuveSRSTt+LMNoUt+FIgF1D0usAZTtvMSN3cccSoOIowybcfDFTVfWxjQZrs6IsXcNPJXLt4V62QAaHkm/t1wl7b76CM92gSM0NKeEfxuBbOf4jQ226Yx1g0zugmdzGYFB8xDlUN6lhUK1eum3Zj/EfU4SSyowYwRsQNmnmbxMfIe/lZPthfKWY+I31q+fVjyceTh3rUTSjYcKo9FGwxSSQN04Ol01ydaB0J7kjgD0G/niqTMkmhso4A2X6Y9KAD0vfDTKdiPIAyjYj+/wC/bFUUAMvmq2Krv6bYIeY8aUoeS/1x5n+yHRTIAe616AxFWaPT5YGjsbdMHIEggSHz+QFA/wCnEkC9dvZa+WK1UE/3/TFqJvz+ln+X9cKjgTDCSPCl+pG3v1xFxWzFQPIdfXaz/LEkhHUk++lf98WIqdQB5Dn/AMfzwqOAyKTsD9P74/s4JykABFDf2vb/AG2Jx64A3rSK68tXWugxq/st2NcZmkBuQeEeSbb/ADq/asHeugqyqY7P5lnJU3WwHtZv+hxSklMQdx+vp9Djd9pfZ+KRDQ8Vedf37Y+e5yGSJmRtq69TvW3ng4QS3QwZsIDxfFDgX/XFavqGo8C6H9++FiC/rg4tt6V09xieMK5BGXFkN1YH63x8+PmMMex8mZplWiVG7+w9el7YWwj+/wC/X+WNt9l8p3cfeV45epvjp/v88GVWTtxGmjkAFAVWPVIIvAyyG9LDfzHGLI1J2rjrjYxOzIBNUPbHRKAKrHZhiNtIPr1xOBbFm+NxhgVPtiUswUb49aMfERjny45q8AA+ZhLL4W03gXL5VlFM5OGm3FY54lA9cAAEMlmt9sWvtv0xMUB54pMYDC226D+mACDMOmO7w+WLJiPveHyOOjXbnExDBY8y1GqB536DzxcsjBXOrccmttvL9MKWzaq9Mym+NIJ/usWftyj4Wv0vj/Y9fljWEjeLPrsRZFVsCdxvimftbRtpckmhS/PfywAc1YJBra+a5rz+X1xRN2oU02GDMR0uj5nbCYDyLNluVINWb6Yl3qrxt6dLPthGc4WBDcb/ANg/7Yq/b1A3PIuhdn+7wqA0/anjrTGNPO3TztCMXORJGdS6gfu+d+eFcOaO4X2skG/pvscVGdgxLN4Qa2sE+ux2OEwM39oezWgkopSNuD59a9P/ADhS76gR6j6dca7t7Mq8QVTtq9ztud+fLGNmUKeT7YznZvl9dkJiNPoP5f3ePqccccSrpH3RsN+lavox+mPlmsVpPXny4qsfQ+x88oysUkjCgiKGO3iHhI35O2GuidAH2zWkjUUI1okfiagL+mMahDH+/wC+mNr9qH7yNDYIPB6e+MGRob2wn70NPrsYJCCTZojr89sSzCMlW1XdHoR6H54DR2Y35j+W+GAbVHpJBUna99LDqPLyvEyMqg7Zhl3pTfXe/wBMXpLYuvoCbPvzgOJaNMRf8RojzNDB0AFbNx16fK8DBdhfZOR/asxFCbqSRQ+/CA6m3H5QcfXmUAlWUKijauKGPmP2Qm05lCQTYkutzspbb/SMbvL9oO0bmRT8RrSSSVvbfp0w8dk7IZnMRE7qwHmF64x//wDoeXTu4pIweaJO1ithXXfGr/6pEilXDMV3ZvwgdSeKxgftj2tHmJVjjJ7uMbksSCx3IUYtslIzuWhLG+mC5EravT6X/tifZ/xDyH9BgqSMFxW6sTv1s0f0vGTfZqkX9jZQyOii7sb3wPPH0lGrYdK5G2Mn9lIisjpdNpsUoPBGxvjY841yv1IA8/PF4kM/1PSSvXv1H/nHrSheRjyc6d+eBsurnrX9cVrAQKJNb8c40IJF1NMKrzGO1AG7P9MUxRACgNIGwAO2LdgbraqNemAVLCbPII8seCTTtW3pip5QB1HoBd46Q+IUSBt674Bnsjgb7jfFeYzCalTm/LE3VWOlrJ67bY5suFsqBt54nth0DvMgZVth8tsWIUbdeP64joYkbD+v645SV9sOMOimZLG9mvPFXiG2nFqOeNhdkYqkff8A5wkmFRnIcoqkVxtYJK0dq8xxYN4YIFskJ6nSNrO5O3teE+Wz5YbMrDxEkXqUXVkVW/uORgppJTRSMaDd2QtE6qIF3/frjWihfnG3tVYjSTqIu+eOl4o0HwnxEUAQFPhOxJK3e/8AXBeUFeFkGsXspfoeFJ2Niudt98ThzS2qi1YnT463rULA5o1yAecTRwCzfwnSpFEAAtQNkACun9MUqCwOsUQBQBDcjz64cyBWby2at7JBbY7dDt1/lhfLmV2FatPhFhaG7EgHV0JJ9yMDrCFeXaEUskphls7MhKPf4WHI+vXjFWb7oA1PE/NaS/J6k6cRmh7wEMpZQfMlbJ1clun0GAcz2PFVjWOhoDa/OunTA3+UHEqzBdkI1Cr5HHyvj2wpky5vnBGZyhQ6Q70PPYjz6+eAGU8WfriIXy6JaFHJ619bwRD2jpTuz4lBJHWt9VC+N7+uKEyLsAQhIP8AfHI4O/pi0dnSE8EDB2JsvzPbDyJoJOn349AegwtaNW+fqcG/9McWPlf9/PHf9Nf+6vC4sVBVy4HBYf354nHFpGzfI9f7/pi0dnv7eZxS+VkHFn9cEYUKzTK9UoB9OBwfnh9BldKjw3QX8xpiFLHyA3998ZRjILtT9MPuwftEsccocjWyLGt9FGrj81thaVKzqBGTR0kWRRYBIvp5EX0Bsi/UYd/9e7smNhp80OxB64QQdtrHKoALR1Tgkbk7eEeYH1qsMe2O7kIWTdXFwy/eVvwORypHDfLphYq9DXZdn/tINL0KtNKdQSdrYcYxkOX1yaF3rk4lPk2BI3BUmwTwRg3sKRYpe8ZPCttouwSAKF9d7NHDbRKp5nYzFII2obD6nz9cG56Puo4ZFe0LqLA3VgCTY/r64U9tZp5ZDIV2NNdUATvXy4w4mkWTs5l21o6MN+hNH6XeBJMptmigTuZIZFYESKaPAYcEV5i6I9saczE8L5g+XHkemPnHZeeDxNlpHB0U8ZBBNmuD0aiRXvjS5XtAUV3s+R9KuxillLzwh6b9HveMp38OxoeY2+f0xKQq40gGwRuVI2sb2eT64WwyNakMpUCqoM2/kxNjjjrgtc0NwL3O56fXoRv0w0IuYDVyRx77+ePO/AFi+PvAi/Q7YpVzZ0uDfGoWAfQ7H9cWa6BLEji6FgnYfCCdvfDEepPpNSUt7g7/AEsY6LNJWyt/Mdet4gqKNwAea23/AEFEc74r0nVastWOgN7fp+uGBe2aXksVG/O930FdceCbUFrg8XY59+PniKOGry32546+mIunrvVXsB7eo2wAeVyCL67sT9DimXMKKFNTdQCw54byxLueobf++MDqhXw82TW5682DxxhCpJ8zW1bVYNbCul4h+1MOv0G2KnmCsU0DYXsylTfOlro7g3vgVpyAN+nmR1PO+59cFY0L0dguyGgOhC/PbzNmz6YgrhBwyhvv2zkUK3o3fG99MdjsV9Gg5HWtQRiBQ2BNCtid+ONztuMXM10ztpsUTsoYGqAXc/O/bocdjsDGV/s8OrWAwd/ABwSBp5BY3ddDtp4GGAiSiaXbayBtZ2HO298+m/l2OwAL2gDEu7SAKSQXABoWeRx8PTz6YJXLKxVlVVU76zuSKvwrVHi8djsAyMnZcZJ8HA/CTXJ+GiCd/wDkDFOV7EiBt1LHnTQUe4o8X9cdjsPOUJhsMIsgIlkk0orYXtvua/n5Ys/Y0bw1pbyNDrWw56H6Y9x2LEj0dic0o3tTe5r3rnfg+mIn7PDagL6jc717f3ePMdiBg79hBTRsk+ljeq35Pn/zgPMdkb0Aem22wO3AF87eeOx2EiWBN2Ww4uz0JIN/8Ypn7L2GoAdN6J9rPTjHY7EsZGLsyMGmjXSedIIaudjwD7jE89kFMZj8Xd2pQd5qYVfJ0jnUa229aGOx2M2uylpgL5Zi2osSNuaLED22J8+MQMLLW2xHz8r8jv0x2OxLygOonpQ4F7atufT5/wBDi6MEDSvhBABAAANdSOP+cdjsNCLVyy6ydCn1qiLrk8VuPpzgqM7XuOOR6878+WOx2KXoMvy+aNldQskAjexxVb7nc17HBS5wi1PJPhP81oH09PnjsdikIsy2Zks72vXYL18itnY83gt82gBLiRjbbBvELv4Te3X0x2OxfFATyWcUqDekdCSXJvqy8Xfqf6YKimUm9d+V15+3p13x2OwnlAj1qOy0T5cj5EcHHNtV7EivCQSb6A3/ADx2OwhESxFjiuuwsX/tviiVwKJalB/hHtqIqzvjsdgXgC/M+Ftat4DXhVVAB33Juyb598Tsc2u+/Xrj3HYkD//Z'),(9,'2022-11-19','Professional',7,8,'https://encrypted-tbn0.gstatic.com/images?q=tbn:ANd9GcTTEDGHypGaJjDEuqyYYzPtYmuI_Q7lf16WyQ&usqp=CAU'),(10,'2023-05-09','Amateur',3,9,'https://encrypted-tbn0.gstatic.com/images?q=tbn:ANd9GcQ3KN8C1xHh-DroKQ77MsCKzevYkqiycA0Ucw&usqp=CAU'),(11,'2022-08-03','Professional',15,7,'https://encrypted-tbn0.gstatic.com/images?q=tbn:ANd9GcSgD24u6bmqoyKW2Us4l5TzHEIMjn1JZY_56g&usqp=CAU'),(12,'2022-06-02','Amateur',19,3,'https://encrypted-tbn0.gstatic.com/images?q=tbn:ANd9GcQ9rR8isvGfj1u1X0KamgyeClEdak-g8c4mKA&usqp=CAU'),(13,'2022-09-10','Amateur',1,6,'https://encrypted-tbn0.gstatic.com/images?q=tbn:ANd9GcRUubG_KuvYXFwGR2dVlfVqKzMSE1IaBD3_Xw&usqp=CAU'),(14,'2020-12-20','Amateur',18,9,'https://encrypted-tbn0.gstatic.com/images?q=tbn:ANd9GcQNhSUHLCHAh184VDabc7EUmhe9pdFcCuX-Rg&usqp=CAU'),(15,'2023-12-02','Professional',10,10,'https://encrypted-tbn0.gstatic.com/images?q=tbn:ANd9GcRrw8n88NJV6zQUj6c81YKEFivAY4Z7uHPT-Q&usqp=CAU'),(16,'2022-06-15','Professional',2,5,'https://encrypted-tbn0.gstatic.com/images?q=tbn:ANd9GcRPhwjGmEkZj8CmPdlqgQ_jaieFnHMxci_GTQ&usqp=CAU');
/*!40000 ALTER TABLE `Images` ENABLE KEYS */;
UNLOCK TABLES;
/*!50003 SET @saved_cs_client      = @@character_set_client */ ;
/*!50003 SET @saved_cs_results     = @@character_set_results */ ;
/*!50003 SET @saved_col_connection = @@collation_connection */ ;
/*!50003 SET character_set_client  = utf8mb4 */ ;
/*!50003 SET character_set_results = utf8mb4 */ ;
/*!50003 SET collation_connection  = utf8mb4_0900_ai_ci */ ;
/*!50003 SET @saved_sql_mode       = @@sql_mode */ ;
/*!50003 SET sql_mode              = 'ONLY_FULL_GROUP_BY,STRICT_TRANS_TABLES,NO_ZERO_IN_DATE,NO_ZERO_DATE,ERROR_FOR_DIVISION_BY_ZERO,NO_ENGINE_SUBSTITUTION' */ ;
DELIMITER ;;
/*!50003 CREATE*/ /*!50017 DEFINER=`root`@`localhost`*/ /*!50003 TRIGGER `fimages_after_insert` AFTER INSERT ON `images` FOR EACH ROW BEGIN
	UPDATE Species
	SET image_count = (
		SELECT COUNT(*) FROM Images
		WHERE species_no= NEW.species_no
        GROUP BY species_no)
	WHERE species_id= NEW.species_no;
END */;;
DELIMITER ;
/*!50003 SET sql_mode              = @saved_sql_mode */ ;
/*!50003 SET character_set_client  = @saved_cs_client */ ;
/*!50003 SET character_set_results = @saved_cs_results */ ;
/*!50003 SET collation_connection  = @saved_col_connection */ ;

--
-- Table structure for table `Species`
--

DROP TABLE IF EXISTS `Species`;
/*!40101 SET @saved_cs_client     = @@character_set_client */;
/*!50503 SET character_set_client = utf8mb4 */;
CREATE TABLE `Species` (
  `species_id` int NOT NULL,
  `species_name` varchar(45) NOT NULL,
  `common_name` varchar(45) DEFAULT NULL,
  `family_no` int DEFAULT NULL,
  `life_span` int DEFAULT NULL,
  `image_count` int DEFAULT NULL,
  PRIMARY KEY (`species_id`),
  UNIQUE KEY `species_id_UNIQUE` (`species_id`),
  UNIQUE KEY `species_name_UNIQUE` (`species_name`),
  KEY `species_ibfk_1` (`family_no`),
  CONSTRAINT `species_ibfk_1` FOREIGN KEY (`family_no`) REFERENCES `Family` (`family_id`) ON DELETE SET NULL ON UPDATE CASCADE
) ENGINE=InnoDB DEFAULT CHARSET=utf8mb4 COLLATE=utf8mb4_0900_ai_ci;
/*!40101 SET character_set_client = @saved_cs_client */;

--
-- Dumping data for table `Species`
--

LOCK TABLES `Species` WRITE;
/*!40000 ALTER TABLE `Species` DISABLE KEYS */;
INSERT INTO `Species` VALUES (1,'Panthera leo','Lion',1,15,NULL),(2,'Canis lupus','Gray Wolf',2,20,3),(3,'Elephas maximus','Asian Elephant',3,10,NULL),(4,'Felis catus','Domastic cat',1,17,NULL),(5,'Ursus arctos','Brown Bear',4,25,NULL),(6,'Equus caballus','Horse',5,10,NULL),(7,'Delphinus delphis','Common Dolphin',6,5,NULL),(8,'Crocodylus niloticus','Nile Crocodile',7,14,NULL),(9,'Gorilla beringei','Mountain Gorilla',8,12,NULL),(10,'Ailuropoda melanoleuca','Giant Panda',4,18,NULL),(11,'Carcharodon carcharias','Great White Shark',11,20,NULL),(12,'Loxodonta africana','African Elephant',3,35,NULL),(13,'Giraffa camelopardalis','Giraffe',9,4,NULL),(14,'Vulpes vulpes','Red Fox',2,18,NULL),(15,'Panthera pardus','Leopard',1,11,NULL),(16,'Phocoena phocoena','Harbor Porpoise',10,6,NULL),(17,'Canis familiaris','Domestic Dog',2,8,NULL),(18,'Balaenoptera musculus','Blue Whale',11,19,NULL),(19,'Felis silvestris','Wildcat',1,10,NULL),(20,'Rattus norvegicus','Brown Rat',12,3,NULL),(21,'Rattus rattus','Black Rat',12,2,0);
/*!40000 ALTER TABLE `Species` ENABLE KEYS */;
UNLOCK TABLES;
/*!50003 SET @saved_cs_client      = @@character_set_client */ ;
/*!50003 SET @saved_cs_results     = @@character_set_results */ ;
/*!50003 SET @saved_col_connection = @@collation_connection */ ;
/*!50003 SET character_set_client  = utf8mb4 */ ;
/*!50003 SET character_set_results = utf8mb4 */ ;
/*!50003 SET collation_connection  = utf8mb4_0900_ai_ci */ ;
/*!50003 SET @saved_sql_mode       = @@sql_mode */ ;
/*!50003 SET sql_mode              = 'ONLY_FULL_GROUP_BY,STRICT_TRANS_TABLES,NO_ZERO_IN_DATE,NO_ZERO_DATE,ERROR_FOR_DIVISION_BY_ZERO,NO_ENGINE_SUBSTITUTION' */ ;
DELIMITER ;;
/*!50003 CREATE*/ /*!50017 DEFINER=`root`@`localhost`*/ /*!50003 TRIGGER `family_avg_life_span` AFTER INSERT ON `species` FOR EACH ROW UPDATE Family
	SET avg_life_span = (
		SELECT AVG(life_span) FROM Species
		WHERE family_no= NEW.family_no
        GROUP BY family_no)
	WHERE family_id= NEW.family_no */;;
DELIMITER ;
/*!50003 SET sql_mode              = @saved_sql_mode */ ;
/*!50003 SET character_set_client  = @saved_cs_client */ ;
/*!50003 SET character_set_results = @saved_cs_results */ ;
/*!50003 SET collation_connection  = @saved_col_connection */ ;

--
-- Table structure for table `SpeciesHaveBehaviors`
--

DROP TABLE IF EXISTS `SpeciesHaveBehaviors`;
/*!40101 SET @saved_cs_client     = @@character_set_client */;
/*!50503 SET character_set_client = utf8mb4 */;
CREATE TABLE `SpeciesHaveBehaviors` (
  `species_id` int NOT NULL,
  `behavior_id` int NOT NULL,
  PRIMARY KEY (`species_id`,`behavior_id`),
  KEY `behavior_id_idx` (`behavior_id`),
  CONSTRAINT `behavior_fk` FOREIGN KEY (`behavior_id`) REFERENCES `Behaviors` (`behavior_id`) ON DELETE CASCADE ON UPDATE CASCADE,
  CONSTRAINT `species_fk` FOREIGN KEY (`species_id`) REFERENCES `Species` (`species_id`) ON DELETE CASCADE ON UPDATE CASCADE
) ENGINE=InnoDB DEFAULT CHARSET=utf8mb4 COLLATE=utf8mb4_0900_ai_ci;
/*!40101 SET character_set_client = @saved_cs_client */;

--
-- Dumping data for table `SpeciesHaveBehaviors`
--

LOCK TABLES `SpeciesHaveBehaviors` WRITE;
/*!40000 ALTER TABLE `SpeciesHaveBehaviors` DISABLE KEYS */;
INSERT INTO `SpeciesHaveBehaviors` VALUES (1,1),(2,2),(3,3),(6,4),(1,5),(4,5),(10,6),(2,7),(6,7),(9,7),(8,8),(7,9),(5,10),(9,10);
/*!40000 ALTER TABLE `SpeciesHaveBehaviors` ENABLE KEYS */;
UNLOCK TABLES;

--
-- Table structure for table `SpeciesHaveFeatures`
--

DROP TABLE IF EXISTS `SpeciesHaveFeatures`;
/*!40101 SET @saved_cs_client     = @@character_set_client */;
/*!50503 SET character_set_client = utf8mb4 */;
CREATE TABLE `SpeciesHaveFeatures` (
  `feature_id` int NOT NULL,
  `species_id` int NOT NULL,
  PRIMARY KEY (`feature_id`,`species_id`),
  KEY `species_id` (`species_id`),
  CONSTRAINT `specieshavefeatures_ibfk_1` FOREIGN KEY (`species_id`) REFERENCES `Species` (`species_id`) ON DELETE CASCADE ON UPDATE CASCADE,
  CONSTRAINT `specieshavefeatures_ibfk_2` FOREIGN KEY (`feature_id`) REFERENCES `Features` (`feature_id`) ON DELETE CASCADE ON UPDATE CASCADE
) ENGINE=InnoDB DEFAULT CHARSET=utf8mb4 COLLATE=utf8mb4_0900_ai_ci;
/*!40101 SET character_set_client = @saved_cs_client */;

--
-- Dumping data for table `SpeciesHaveFeatures`
--

LOCK TABLES `SpeciesHaveFeatures` WRITE;
/*!40000 ALTER TABLE `SpeciesHaveFeatures` DISABLE KEYS */;
INSERT INTO `SpeciesHaveFeatures` VALUES (1,1),(5,1),(2,2),(7,2),(3,3),(5,4),(10,5),(4,6),(7,6),(9,7),(8,8),(7,9),(10,9),(6,10),(2,12);
/*!40000 ALTER TABLE `SpeciesHaveFeatures` ENABLE KEYS */;
UNLOCK TABLES;

--
-- Table structure for table `SpeciesLiveHabitats`
--

DROP TABLE IF EXISTS `SpeciesLiveHabitats`;
/*!40101 SET @saved_cs_client     = @@character_set_client */;
/*!50503 SET character_set_client = utf8mb4 */;
CREATE TABLE `SpeciesLiveHabitats` (
  `species_id` int NOT NULL,
  `habitat_id` int NOT NULL,
  PRIMARY KEY (`species_id`,`habitat_id`),
  KEY `habitat_id_idx` (`habitat_id`),
  CONSTRAINT `specieslivehabitats_ibfk_1` FOREIGN KEY (`species_id`) REFERENCES `Species` (`species_id`) ON DELETE CASCADE ON UPDATE CASCADE,
  CONSTRAINT `specieslivehabitats_ibfk_2` FOREIGN KEY (`habitat_id`) REFERENCES `Habitat` (`habitat_id`) ON DELETE CASCADE ON UPDATE CASCADE
) ENGINE=InnoDB DEFAULT CHARSET=utf8mb4 COLLATE=utf8mb4_0900_ai_ci;
/*!40101 SET character_set_client = @saved_cs_client */;

--
-- Dumping data for table `SpeciesLiveHabitats`
--

LOCK TABLES `SpeciesLiveHabitats` WRITE;
/*!40000 ALTER TABLE `SpeciesLiveHabitats` DISABLE KEYS */;
INSERT INTO `SpeciesLiveHabitats` VALUES (1,1),(2,1),(4,1),(12,1),(2,2),(10,2),(3,3),(12,3),(5,4),(8,4),(7,5),(1,6),(4,6),(6,6),(13,6),(2,7),(9,7),(3,9),(13,9),(11,10);
/*!40000 ALTER TABLE `SpeciesLiveHabitats` ENABLE KEYS */;
UNLOCK TABLES;

--
-- Dumping events for database 'irem_dogrusoz'
--

--
-- Dumping routines for database 'irem_dogrusoz'
--

--
-- Final view structure for view `image_new`
--

/*!50001 DROP VIEW IF EXISTS `image_new`*/;
/*!50001 SET @saved_cs_client          = @@character_set_client */;
/*!50001 SET @saved_cs_results         = @@character_set_results */;
/*!50001 SET @saved_col_connection     = @@collation_connection */;
/*!50001 SET character_set_client      = utf8mb4 */;
/*!50001 SET character_set_results     = utf8mb4 */;
/*!50001 SET collation_connection      = utf8mb4_0900_ai_ci */;
/*!50001 CREATE ALGORITHM=UNDEFINED */
/*!50013 DEFINER=`root`@`localhost` SQL SECURITY DEFINER */
/*!50001 VIEW `image_new` AS select `f`.`family_name` AS `family_name`,count(`i`.`image_id`) AS `total_images`,count(`s`.`species_id`) AS `total_species` from ((`species` `s` join `family` `f`) join `images` `i`) where ((`s`.`species_id` = `i`.`species_no`) and (`f`.`family_id` = `s`.`family_no`)) group by `f`.`family_id` */;
/*!50001 SET character_set_client      = @saved_cs_client */;
/*!50001 SET character_set_results     = @saved_cs_results */;
/*!50001 SET collation_connection      = @saved_col_connection */;
/*!40103 SET TIME_ZONE=@OLD_TIME_ZONE */;

/*!40101 SET SQL_MODE=@OLD_SQL_MODE */;
/*!40014 SET FOREIGN_KEY_CHECKS=@OLD_FOREIGN_KEY_CHECKS */;
/*!40014 SET UNIQUE_CHECKS=@OLD_UNIQUE_CHECKS */;
/*!40101 SET CHARACTER_SET_CLIENT=@OLD_CHARACTER_SET_CLIENT */;
/*!40101 SET CHARACTER_SET_RESULTS=@OLD_CHARACTER_SET_RESULTS */;
/*!40101 SET COLLATION_CONNECTION=@OLD_COLLATION_CONNECTION */;
/*!40111 SET SQL_NOTES=@OLD_SQL_NOTES */;

-- Dump completed on 2023-06-15 18:58:14
